1340649,Earthquake in Islamic Republic of Iran,EQ,38.5113,45.0375,2022-10-05 00:21:00,2022-10-05 00:21:00,Orange,2,1.560886441,Islamic Republic of Iran
1347428,Earthquake in Turkiye,EQ,40.8471,30.967,2022-11-23 01:08:00,2022-11-23 01:08:00,Orange,2,1.715968094,Turkiye
1347295,Earthquake in Solomon Is.,EQ,-9.7963,159.5959,2022-11-22 02:03:00,2022-11-22 02:03:00,Orange,2,1.16,Solomon Is.
1347183,Earthquake in Indonesia,EQ,-6.8531,107.0946,2022-11-21 06:21:00,2022-11-21 06:21:00,Red,3,2.494744201,Indonesia
1345475,Earthquake in Nepal,EQ,29.2742,81.1486,2022-11-08 20:27:00,2022-11-08 20:27:00,Orange,2,1.581328588,Nepal
10238,Tropical Cyclone NARGIS-08,TC,18.29999924,97.5,2008-04-28 06:00:00,2008-05-03 12:00:00,Red,3,1,
10238,Tropical Cyclone NARGIS-08,TC,18.29999924,97.5,2008-04-28 06:00:00,2008-05-03 12:00:00,Red,3,1,
10421,Tropical Cyclone MORAKOT-09,TC,27.29999924,119.1999969,2009-08-04 00:00:00,2009-08-09 18:00:00,Orange,2,1,
24054,Tropical Cyclone SONGDA-11,TC,34.4,136.6,2011-05-22 00:00:00,2011-05-29 12:00:00,Orange,2,1,Japan
25577,Tropical Cyclone NANMADOL-11,TC,24.9,118.7,2011-08-23 18:00:00,2011-08-31 00:00:00,Orange,2,1,"China,Philippines"
25532,Tropical Cyclone IRENE-11,TC,45.3,-71.3,2011-08-20 23:00:00,2011-08-29 03:00:00,Orange,2,1,"Dominican Republic,The Bahamas,United States,Puerto Rico"
26165,Tropical Cyclone NALGAE-11,TC,18.1,107.4,2011-09-27 18:00:00,2011-10-05 12:00:00,Orange,2,1,Philippines
26116,Tropical Cyclone NESAT-11,TC,21.4,106.1,2011-09-24 00:00:00,2011-09-30 12:00:00,Orange,2,1,Philippines
26165,Tropical Cyclone NALGAE-11,TC,18.1,107.4,2011-09-27 18:00:00,2011-10-05 12:00:00,Orange,2,1,Philippines
27461,Tropical Cyclone THANE-11,TC,11.7,79.1,2011-12-27 00:00:00,2011-12-30 06:00:00,Orange,2,1,India
27865,Tropical Cyclone FUNSO-12,TC,-31,43.3,2012-01-19 18:00:00,2012-01-28 18:00:00,Orange,2,1,Mozambique
28199,Tropical Cyclone GIOVANNA-12,TC,-23.4,52.6,2012-02-10 00:00:00,2012-02-21 00:00:00,Red,3,1,Madagascar
30787,Tropical Cyclone CARLOTTA-12,TC,18.1,-100.3,2012-06-14 09:00:00,2012-06-17 03:00:00,Orange,2,1,Mexico
31574,Tropical Cyclone SAOLA-12,TC,27,119.3,2012-07-28 06:00:00,2012-08-03 00:00:00,Orange,2,1,China
31589,Tropical Cyclone DAMREY-12,TC,35,119.2,2012-07-30 00:00:00,2012-08-02 18:00:00,Orange,2,1,China
31445,Tropical Cyclone VICENTE-12,TC,22.3,112.2,2012-07-21 18:00:00,2012-07-24 00:00:00,Red,3,3,China
31997,Tropical Cyclone TEMBIN-12,TC,34.5,126.5,2012-08-19 00:00:00,2012-08-30 00:00:00,Red,3,1,China
32007,Tropical Cyclone BOLAVEN-12,TC,41.6,126.2,2012-08-20 06:00:00,2012-08-28 18:00:00,Red,3,1,Japan
31882,Tropical Cyclone KAI-TAK-12,TC,21.1,105.9,2012-08-13 00:00:00,2012-08-17 18:00:00,Red,3,1,China
31651,Tropical Cyclone ERNESTO-12,TC,18,-97.8,2012-08-03 03:00:00,2012-08-10 09:00:00,Orange,2,1,"Belize, Mexico"
31574,Tropical Cyclone SAOLA-12,TC,27,119.3,2012-07-28 06:00:00,2012-08-03 00:00:00,Orange,2,1,China
31589,Tropical Cyclone DAMREY-12,TC,35,119.2,2012-07-30 00:00:00,2012-08-02 18:00:00,Orange,2,1,China
32498,Tropical Cyclone SANBA-12,TC,36,128.6,2012-09-11 00:00:00,2012-09-17 06:00:00,Orange,2,1,"Korea, Republic of, Japan"
33400,Tropical Cyclone NILAM-12,TC,12.6,80,2012-10-30 12:00:00,2012-10-31 12:00:00,Orange,2,2,"India, Sri Lanka"
33263,Tropical Cyclone SANDY-12,TC,39.8,-75.4,2012-10-22 21:00:00,2012-10-30 03:00:00,Orange,2,1,"Cuba, Jamaica, Bahamas, United States"
33292,Tropical Cyclone SON-TINH-12,TC,21.4,106.9,2012-10-24 00:00:00,2012-10-29 00:00:00,Red,3,2,Viet Nam
33913,Tropical Cyclone BOPHA-12,TC,18.3,119.2,2012-11-27 00:00:00,2012-12-09 00:00:00,Red,3,1,Philippines
34247,Tropical Cyclone EVAN-12,TC,-24.3,178.5,2012-12-12 06:00:00,2012-12-19 18:00:00,Red,3,1,"Fiji, Wallis and Futuna, Samoa"
33913,Tropical Cyclone BOPHA-12,TC,18.3,119.2,2012-11-27 00:00:00,2012-12-09 00:00:00,Red,3,1,Philippines
35803,Tropical Cyclone HARUNA-13,TC,-27,57.5,2013-02-19 12:00:00,2013-02-25 00:00:00,Orange,2,1,Madagascar
38075,Tropical Cyclone BARBARA-13,TC,18.5,-95,2013-05-28 00:00:00,2013-05-30 15:00:00,Orange,2,1,Mexico
37639,Tropical Cyclone MAHASEN-13,TC,23,91,2013-05-11 12:00:00,2013-05-16 06:00:00,Orange,2,2,"Bangladesh, India"
39225,Tropical Cyclone JEBI-13,TC,21.8,106.4,2013-07-31 06:00:00,2013-08-03 06:00:00,Orange,2,2,"China, Viet Nam"
38773,Tropical Cyclone SOULIK-13,TC,26.8,119.1,2013-07-08 00:00:00,2013-07-13 12:00:00,Orange,2,1,"China, Japan"
39519,Tropical Cyclone TRAMI-13,TC,25.6,119.6,2013-08-18 06:00:00,2013-08-21 18:00:00,Orange,2,2,China
39372,Tropical Cyclone UTOR-13,TC,22,111.4,2013-08-09 18:00:00,2013-08-14 12:00:00,Red,3,2,"China, Philippines"
39225,Tropical Cyclone JEBI-13,TC,21.8,106.4,2013-07-31 06:00:00,2013-08-03 06:00:00,Orange,2,2,"China, Viet Nam"
40330,Tropical Cyclone FITOW-13,TC,27.4,120.3,2013-09-30 18:00:00,2013-10-06 18:00:00,Orange,2,1,"China, Japan"
40266,Tropical Cyclone WUTIP-13,TC,17.8,105.9,2013-09-27 12:00:00,2013-09-30 12:00:00,Orange,2,2,"Laos, Thailand, Viet Nam"
40084,Tropical Cyclone USAGI-13,TC,22.9,115.2,2013-09-17 00:00:00,2013-09-22 12:00:00,Red,3,2,China
40022,Tropical Cyclone MANUEL-13,TC,25,-107.8,2013-09-13 21:00:00,2013-09-19 15:00:00,Orange,2,2,Mexico
40957,Tropical Cyclone KROSA-13,TC,18.6,112.3,2013-10-29 18:00:00,2013-11-04 00:00:00,Orange,2,1,Philippines
40482,Tropical Cyclone NARI-13,TC,15.9,108.2,2013-10-09 12:00:00,2013-10-15 00:00:00,Red,3,2,"Laos, Viet Nam, Philippines"
40489,Tropical Cyclone PHAILIN-13,TC,19.6,84.9,2013-10-09 18:00:00,2013-10-12 18:00:00,Red,3,3,India
40330,Tropical Cyclone FITOW-13,TC,27.4,120.3,2013-09-30 18:00:00,2013-10-06 18:00:00,Orange,2,1,"China, Japan"
41483,Tropical Cyclone LEHAR-13,TC,15,81.9,2013-11-24 12:00:00,2013-11-28 06:00:00,Orange,2,1,India
41389,Tropical Cyclone HELEN-13,TC,16.2,81.3,2013-11-20 06:00:00,2013-11-22 06:00:00,Orange,2,2,India
41058,Tropical Cyclone HAIYAN-13,TC,21.8,107.2,2013-11-04 00:00:00,2013-11-11 00:00:00,Red,3,2,"China, Viet Nam, Philippines, Palau"
40957,Tropical Cyclone KROSA-13,TC,18.6,112.3,2013-10-29 18:00:00,2013-11-04 00:00:00,Orange,2,1,Philippines
42161,Tropical Cyclone BEJISA-14,TC,-32.3,45.3,2013-12-31 18:00:00,2014-01-05 18:00:00,Red,3,1,Miscellaneous (French) Indian Ocean Islands
42161,Tropical Cyclone BEJISA-14,TC,-32.3,45.3,2013-12-31 18:00:00,2014-01-05 18:00:00,Red,3,1,Miscellaneous (French) Indian Ocean Islands
44086,Tropical Cyclone HELLEN-14,TC,-17,46.1,2014-03-29 06:00:00,2014-04-01 00:00:00,Orange,2,1,Madagascar
44086,Tropical Cyclone HELLEN-14,TC,-17,46.1,2014-03-29 06:00:00,2014-04-01 00:00:00,Orange,2,1,Madagascar
46757,Tropical Cyclone MATMO-14,TC,25.8,119,2014-07-18 00:00:00,2014-07-23 12:00:00,Orange,2,1,China
46636,Tropical Cyclone RAMMASUN-14,TC,21.9,108.1,2014-07-14 00:00:00,2014-07-19 00:00:00,Red,3,3,"China, Viet Nam, Philippines"
47803,Tropical Cyclone ODILE-14,TC,30.6,-113.3,2014-09-10 15:00:00,2014-09-17 15:00:00,Red,3,1,Mexico
47823,Tropical Cyclone KALMAEGI-14,TC,22.1,106.1,2014-09-12 06:00:00,2014-09-16 18:00:00,Red,3,2,"Philippines, China, Viet Nam"
1000112,Tropical Cyclone GONZALO-14,TC,51.6,-41.8,2014-10-12 17:30:00,2014-10-19 21:00:00,Orange,2,1,"Bermuda, Anguilla, Canada"
1000103,Tropical Cyclone HUDHUD-14,TC,18,82.9,2014-10-08 12:00:00,2014-10-12 12:00:00,Red,3,3,India
1000130,Tropical Cyclone HAGUPIT-14,TC,10.8,110,2014-12-01 12:00:00,2014-12-12 00:00:00,Red,3,1,Philippines
1000130,Tropical Cyclone HAGUPIT-14,TC,10.8,110,2014-12-01 12:00:00,2014-12-12 00:00:00,Red,3,1,Philippines
1000135,Tropical Cyclone MEKKHALA-15,TC,15.7,123,2015-01-14 12:00:00,2015-01-18 18:00:00,Orange,2,1,Philippines
1000149,Tropical Cyclone PAM-15,TC,-33.3,178.3,2015-03-09 12:00:00,2015-03-15 12:00:00,Red,3,1,Vanuatu
1000163,Tropical Cyclone DOLPHIN-15,TC,25.9,141,2015-05-09 18:00:00,2015-05-19 12:00:00,Orange,2,1,Guam
1000162,Tropical Cyclone NOUL-15,TC,31.1,133.2,2015-05-03 18:00:00,2015-05-12 06:00:00,Red,3,1,"Japan, Philippines"
1000172,Tropical Cyclone CHAN-HOM-15,TC,38.4,125.4,2015-06-30 12:00:00,2015-07-12 18:00:00,Orange,2,1,"Japan, China"
1000191,Tropical Cyclone SOUDELOR-15,TC,25.5,118.8,2015-07-30 06:00:00,2015-08-08 18:00:00,Red,3,1,"China, Northern Mariana Islands"
1000189,Tropical Cyclone TWO-15,TC,22.5,91.8,2015-07-29 00:00:00,2015-07-30 06:00:00,Orange,2,1,"India, Bangladesh, Myanmar"
1000172,Tropical Cyclone CHAN-HOM-15,TC,38.4,125.4,2015-06-30 12:00:00,2015-07-12 18:00:00,Orange,2,1,"Japan, China"
1000203,Tropical Cyclone ERIKA-15,TC,21.5,-75.9,2015-08-25 03:00:00,2015-08-29 13:30:00,Orange,2,1,"Cuba, Haiti, Puerto Rico, Dominican Republic, United States, Antigua and Barbuda, Jamaica, Virgin Islands, British, Virgin Islands, U.S., Guadeloupe, Saint Kitts and Nevis, Montserrat, Anguilla"
1000196,Tropical Cyclone GONI-15,TC,36.4,131.6,2015-08-14 00:00:00,2015-08-25 12:00:00,Orange,2,1,"Philippines, Japan"
1000191,Tropical Cyclone SOUDELOR-15,TC,25.5,118.8,2015-07-30 06:00:00,2015-08-08 18:00:00,Red,3,1,"China, Northern Mariana Islands"
1000221,Tropical Cyclone MUJIGAE-15,TC,21.9,109.5,2015-10-01 00:00:00,2015-10-04 12:00:00,Orange,2,1,China
1000217,Tropical Cyclone DUJUAN-15,TC,25,119.1,2015-09-21 18:00:00,2015-09-29 00:00:00,Red,3,2,"Japan, China"
1000233,Tropical Cyclone CHAPALA-15,TC,14.2,47.5,2015-10-28 18:00:00,2015-11-03 18:00:00,Orange,2,1,
1000231,Tropical Cyclone PATRICIA-15,TC,25.3,-100.6,2015-10-20 15:00:00,2015-10-24 21:00:00,Red,3,1,
1000227,Tropical Cyclone KOPPU-15,TC,19.1,122.2,2015-10-13 00:00:00,2015-10-21 00:00:00,Red,3,1,Philippines
1000221,Tropical Cyclone MUJIGAE-15,TC,21.9,109.5,2015-10-01 00:00:00,2015-10-04 12:00:00,Orange,2,1,China
1000234,Tropical Cyclone MEGH-15,TC,13,45.1,2015-11-05 06:00:00,2015-11-10 00:00:00,Orange,2,1,
1000233,Tropical Cyclone CHAPALA-15,TC,14.2,47.5,2015-10-28 18:00:00,2015-11-03 18:00:00,Orange,2,1,
1000244,Tropical Cyclone ULA-16,TC,-29.5,175.3,2015-12-30 06:00:00,2016-01-12 18:00:00,Orange,2,1,
1000242,Tropical Cyclone MELOR-15,TC,14,119.3,2015-12-11 12:00:00,2015-12-16 18:00:00,Red,3,1,
1000244,Tropical Cyclone ULA-16,TC,-29.5,175.3,2015-12-30 06:00:00,2016-01-12 18:00:00,Orange,2,1,
1000252,Tropical Cyclone WINSTON-16,TC,-25.2,172.8,2016-02-10 12:00:00,2016-02-24 18:00:00,Red,3,1,Fiji
1000261,Tropical Cyclone AMOS-16,TC,-14.3,-168.4,2016-04-20 00:00:00,2016-04-24 18:00:00,Orange,2,1,
1000262,Tropical Cyclone ROANU-16,TC,23.3,92.5,2016-05-18 06:00:00,2016-05-21 12:00:00,Orange,2,2,
1000280,Tropical Cyclone NIDA-16,TC,22.8,113.5,2016-07-29 12:00:00,2016-08-02 00:00:00,Orange,2,2,
1000279,Tropical Cyclone MIRINAE-16,TC,20.1,106.3,2016-07-25 12:00:00,2016-07-27 12:00:00,Orange,2,2,
1000270,Tropical Cyclone NEPARTAK-16,TC,25.1,118.4,2016-07-03 00:00:00,2016-07-09 06:00:00,Red,3,1,
1000291,Tropical Cyclone DIANMU-16,TC,20.8,106.5,2016-08-18 00:00:00,2016-08-19 06:00:00,Orange,2,2,"Viet Nam, China, Laos, Myanmar"
1000282,Tropical Cyclone EARL-16,TC,19,-98,2016-08-02 16:00:00,2016-08-06 15:00:00,Orange,2,1,"Guatemala, Belize"
1000280,Tropical Cyclone NIDA-16,TC,22.8,113.5,2016-07-29 12:00:00,2016-08-02 00:00:00,Orange,2,2,
1000316,Tropical Cyclone MATTHEW-16,TC,35.4,-72,2016-09-28 15:00:00,2016-10-09 21:00:00,Red,3,1,"United States, Bahamas, Cuba, Haiti"
1000315,Tropical Cyclone CHABA-16,TC,36.2,131.3,2016-09-28 00:00:00,2016-10-05 06:00:00,Orange,2,1,"Korea, Republic of, Japan"
1000312,Tropical Cyclone MEGI-16,TC,25,118.9,2016-09-23 00:00:00,2016-09-27 18:00:00,Red,3,2,China
1000305,Tropical Cyclone MALAKAS-16,TC,36.8,142.4,2016-09-11 18:00:00,2016-09-20 18:00:00,Orange,2,1,Japan
1000302,Tropical Cyclone MERANTI-16,TC,24.5,118.3,2016-09-08 18:00:00,2016-09-14 18:00:00,Red,3,2,"China, Japan"
1000301,Tropical Cyclone NEWTON-16,TC,31.6,-111.2,2016-09-04 21:00:00,2016-09-07 21:00:00,Orange,2,1,Mexico
1000321,Tropical Cyclone HAIMA-16,TC,23.2,115.2,2016-10-14 18:00:00,2016-10-21 06:00:00,Red,3,2,"China, Philippines"
1000320,Tropical Cyclone SARIKA-16,TC,21.7,108.1,2016-10-12 12:00:00,2016-10-19 06:00:00,Red,3,1,"China, Philippines"
1000317,Tropical Cyclone NICOLE-16,TC,47.1,-39.5,2016-10-04 15:00:00,2016-10-18 09:00:00,Orange,2,1,Bermuda
1000316,Tropical Cyclone MATTHEW-16,TC,35.4,-72,2016-09-28 15:00:00,2016-10-09 21:00:00,Red,3,1,"United States, Bahamas, Cuba, Haiti"
1000315,Tropical Cyclone CHABA-16,TC,36.2,131.3,2016-09-28 00:00:00,2016-10-05 06:00:00,Orange,2,1,"Korea, Republic of, Japan"
1000330,Tropical Cyclone NADA-16,TC,10.5,80.7,2016-11-29 18:00:00,2016-12-01 12:00:00,Orange,2,2,"Sri Lanka, India"
1000328,Tropical Cyclone OTTO-16,TC,9,-94,2016-11-21 09:00:00,2016-11-26 12:00:00,Orange,2,1,"Nicaragua, Costa Rica"
1000333,Tropical Cyclone NOCK-TEN-16,TC,12.9,113.3,2016-12-21 06:00:00,2016-12-28 00:00:00,Red,3,1,Philippines
1000331,Tropical Cyclone VARDAH-16,TC,13.2,80.6,2016-12-07 12:00:00,2016-12-12 06:00:00,Red,3,3,India
1000330,Tropical Cyclone NADA-16,TC,10.5,80.7,2016-11-29 18:00:00,2016-12-01 12:00:00,Orange,2,2,"Sri Lanka, India"
1000337,Tropical Cyclone DINEO-17,TC,-23.4,34.1,2017-02-13 12:00:00,2017-02-16 00:00:00,Orange,2,1,Mozambique
1000341,Tropical Cyclone ENAWO-17,TC,-28,49.3,2017-03-03 06:00:00,2017-03-10 12:00:00,Red,3,1,Madagascar
1000350,Tropical Cyclone MAARUTHA-17,TC,19.2,94.2,2017-04-15 12:00:00,2017-04-16 18:00:00,Orange,2,2,Myanmar
1000348,Tropical Cyclone COOK-17,TC,-26.6,168.2,2017-04-08 00:00:00,2017-04-11 12:00:00,Orange,2,1,New Caledonia
1000357,Tropical Cyclone MORA-17,TC,22.9,92,2017-05-27 18:00:00,2017-05-30 06:00:00,Red,3,2,"Bangladesh, India"
1000378,Tropical Cyclone NESAT-17,TC,25.9,119.3,2017-07-26 00:00:00,2017-07-30 00:00:00,Orange,2,1,China
1000368,Tropical Cyclone TALAS-17,TC,18.5,105.7,2017-07-15 12:00:00,2017-07-16 18:00:00,Orange,2,2,"Viet Nam, Laos, Thailand, China, Myanmar"
1000393,Tropical Cyclone IRMA-17,TC,32.4,-84.9,2017-08-30 15:00:00,2017-09-12 03:00:00,Red,3,1,"United States, Bahamas, Cuba, Turks and Caicos Islands, Dominican Republic, Puerto Rico, Virgin Islands, U.S., British, Anguilla, Saint Kitts and Nevis, Antigua and Barbuda, Guadeloupe, Montserrat, "
1000387,Tropical Cyclone HARVEY-17,TC,31.7,-92.3,2017-08-17 15:00:00,2017-08-31 03:00:00,Orange,2,1,United States
1000389,Tropical Cyclone HATO-17,TC,22.2,112.9,2017-08-20 00:00:00,2017-08-23 06:00:00,Orange,2,2,China
1000383,Tropical Cyclone FRANKLIN-17,TC,19.9,-97.6,2017-08-06 21:00:00,2017-08-10 09:00:00,Orange,2,1,Mexico
1000404,Tropical Cyclone MARIA-17,TC,42,-43.9,2017-09-16 21:00:00,2017-09-30 21:00:00,Red,3,1,Virgin IslandsU.S.GuadeloupePuerto RicoDominicaTurks and Caicos IslandsDominican RepublicMartiniqueAntigua and BarbudaMontserratSaint Kitts and NevisAnguillaBritish
1000400,Tropical Cyclone DOKSURI-17,TC,17.9,106,2017-09-11 18:00:00,2017-09-15 06:00:00,Red,3,3,"Viet Nam, Laos, Thailand"
1000401,Tropical Cyclone MAX-17,TC,17,-98.2,2017-09-13 15:00:00,2017-09-15 06:00:00,Orange,2,1,Mexico
1000393,Tropical Cyclone IRMA-17,TC,32.4,-84.9,2017-08-30 15:00:00,2017-09-12 03:00:00,Red,3,1,"United States, Bahamas, Cuba, Turks and Caicos Islands, Dominican Republic, Puerto Rico, Virgin Islands, U.S., British, Anguilla, Saint Kitts and Nevis, Antigua and Barbuda, Guadeloupe, Montserrat, "
1000397,Tropical Cyclone KATIA-17,TC,20,-97.9,2017-09-05 21:00:00,2017-09-09 15:00:00,Orange,2,1,Mexico
1000417,Tropical Cyclone DAMREY-17,TC,12.6,109.2,2017-11-01 18:00:00,2017-11-04 00:00:00,Red,3,3,"Viet Nam, Cambodia"
1000412,Tropical Cyclone LAN-17,TC,37.3,141.6,2017-10-15 12:00:00,2017-10-23 00:00:00,Red,3,1,Japan
1000411,Tropical Cyclone KHANUN-17,TC,20.3,109.3,2017-10-12 06:00:00,2017-10-16 06:00:00,Orange,2,1,China
1000422,Tropical Cyclone OCKHI-17,TC,18.2,70.6,2017-11-29 18:00:00,2017-12-05 06:00:00,Orange,2,2,"India, Maldives, Sri Lanka"
1000417,Tropical Cyclone DAMREY-17,TC,12.6,109.2,2017-11-01 18:00:00,2017-11-04 00:00:00,Red,3,3,"Viet Nam, Cambodia"
1000426,Tropical Cyclone TEMBIN-17,TC,8.4,104.4,2017-12-20 18:00:00,2017-12-26 06:00:00,Orange,2,1,"Viet Nam, Cambodia, Malaysia, Brunei Darussalam, Philippines"
1000422,Tropical Cyclone OCKHI-17,TC,18.2,70.6,2017-11-29 18:00:00,2017-12-05 06:00:00,Orange,2,2,"India, Maldives, Sri Lanka"
1000432,Tropical Cyclone BERGUITTA-18,TC,-29.5,49.6,2018-01-12 18:00:00,2018-01-20 06:00:00,Orange,2,1,"Miscellaneous (French) Indian Ocean Islands, Mauritius"
1000429,Tropical Cyclone AVA-18,TC,-28.2,47.4,2018-01-02 18:00:00,2018-01-09 06:00:00,Red,3,1,Madagascar
1000436,Tropical Cyclone GITA-18,TC,-35.5,167,2018-02-09 00:00:00,2018-02-19 18:00:00,Red,3,1,Tonga
1000441,Tropical Cyclone ELIAKIM-18,TC,-28.7,53.8,2018-03-15 00:00:00,2018-03-20 12:00:00,Orange,2,1,Madagascar
1000438,Tropical Cyclone DUMAZILE-18,TC,-28.3,56.9,2018-03-02 12:00:00,2018-03-07 18:00:00,Orange,2,1,"Miscellaneous (French) Indian Ocean Islands, Madagascar"
1000453,Tropical Cyclone MEKUNU-18,TC,17.1,53.4,2018-05-22 00:00:00,2018-05-26 00:00:00,Orange,2,2,Oman
1000469,Tropical Cyclone SON-TINH-18,TC,21.9,109,2018-07-15 12:00:00,2018-07-24 06:00:00,Orange,2,1,"China, Viet Nam, Laos"
1000466,Tropical Cyclone MARIA-18,TC,26.4,120.1,2018-07-02 18:00:00,2018-07-11 00:00:00,Red,3,2,"China, Japan"
1000489,Tropical Cyclone SOULIK-18,TC,42,134.5,2018-08-15 12:00:00,2018-08-24 18:00:00,Orange,2,1,Japan
1000485,Tropical Cyclone BEBINCA-18,TC,19.4,105.5,2018-08-12 12:00:00,2018-08-17 00:00:00,Orange,2,2,"Viet Nam, Laos, Thailand, China"
1000514,Tropical Cyclone KONG-REY-18,TC,39.8,137,2018-09-28 00:00:00,2018-10-06 18:00:00,Orange,2,1,"Japan, Russian Federation, Korea, Democratic People's Republic of, Korea, Republic of, China, Guam"
1000506,Tropical Cyclone FOUR-18,TC,19.2,85.4,2018-09-20 12:00:00,2018-09-20 18:00:00,Orange,2,2,India
1000498,Tropical Cyclone MANGKHUT-18,TC,22.1,111.8,2018-09-07 00:00:00,2018-09-16 12:00:00,Red,3,2,"China, Philippines, Guam, Northern Mariana Islands, Viet Nam, Laos, Myanmar"
1000502,Tropical Cyclone BARIJAT-18,TC,21.7,107.2,2018-09-09 18:00:00,2018-09-13 18:00:00,Orange,2,1,China
1000524,Tropical Cyclone YUTU-18,TC,20.6,116.3,2018-10-21 12:00:00,2018-11-02 00:00:00,Red,3,1,"Philippines, Northern Mariana Islands"
1000523,Tropical Cyclone WILLA-18,TC,25,-102.7,2018-10-20 09:00:00,2018-10-24 12:00:00,Red,3,1,Mexico
1000517,Tropical Cyclone MICHAEL-18,TC,38,-73.1,2018-10-06 21:00:00,2018-10-12 09:00:00,Orange,2,1,"United States, Cuba"
1000519,Tropical Cyclone TITLI-18,TC,18.9,84.5,2018-10-09 06:00:00,2018-10-11 00:00:00,Red,3,3,India
1000514,Tropical Cyclone KONG-REY-18,TC,39.8,137,2018-09-28 00:00:00,2018-10-06 18:00:00,Orange,2,1,"Japan, Russian Federation, Korea, Democratic People's Republic of, Korea, Republic of, China, Guam"
1000531,Tropical Cyclone USAGI-18,TC,10.8,106.9,2018-11-18 06:00:00,2018-11-25 12:00:00,Orange,2,1,Viet Nam
1000529,Tropical Cyclone GAJA-18,TC,10.5,67.8,2018-11-10 18:00:00,2018-11-18 18:00:00,Red,3,1,India
1000524,Tropical Cyclone YUTU-18,TC,20.6,116.3,2018-10-21 12:00:00,2018-11-02 00:00:00,Red,3,1,"Philippines, Northern Mariana Islands"
1000534,Tropical Cyclone PHETHAI-18,TC,17.3,82.3,2018-12-15 06:00:00,2018-12-17 12:00:00,Orange,2,1,India
1000546,Tropical Cyclone GELENA-19,TC,-28.2,85.8,2019-02-06 00:00:00,2019-02-14 12:00:00,Orange,2,1,", Mauritius"
1000557,Tropical Cyclone JOANINHA-19,TC,-26.8,69.8,2019-03-22 00:00:00,2019-03-31 00:00:00,Orange,2,1,", Mauritius"
1000552,Tropical Cyclone IDAI-19,TC,-19.6,34.8,2019-03-09 06:00:00,2019-03-15 00:00:00,Red,3,3,"Mozambique, Zimbabwe, Miscellaneous (French) Indian Ocean Islands"
1000561,Tropical Cyclone FANI-19,TC,21.3,86.2,2019-04-27 00:00:00,2019-05-03 12:00:00,Red,3,3,", India, Bangladesh, Bhutan"
1000559,Tropical Cyclone KENNETH-19,TC,-12.3,40.1,2019-04-23 00:00:00,2019-04-25 18:00:00,Red,3,1,", Mozambique, Comoros"
1000561,Tropical Cyclone FANI-19,TC,21.3,86.2,2019-04-27 00:00:00,2019-05-03 12:00:00,Red,3,3,", India, Bangladesh, Bhutan"
1000565,Tropical Cyclone VAYU-19,TC,21.8,66.8,2019-06-10 12:00:00,2019-06-17 00:00:00,Orange,2,1,", India, Pakistan"
1000580,Tropical Cyclone FRANCISCO-19,TC,39.6,129.3,2019-08-01 18:00:00,2019-08-07 06:00:00,Orange,2,1,", Japan, Korea, Republic of, Democratic People's Republic of, Russian Federation"
1000579,Tropical Cyclone WIPHA-19,TC,21.2,106.6,2019-07-30 18:00:00,2019-08-03 00:00:00,Orange,2,1,", Viet Nam, China"
1000573,Tropical Cyclone DANAS-19,TC,35.6,126.4,2019-07-16 06:00:00,2019-07-20 12:00:00,Orange,2,1,", Korea, Republic of, Japan, Democratic People's Republic of, China, Philippines"
1000592,Tropical Cyclone FAXAI-19,TC,39,146.4,2019-09-01 18:00:00,2019-09-09 18:00:00,Orange,2,1,"Japan, "
1000588,Tropical Cyclone DORIAN-19,TC,52.1,-53.4,2019-08-24 15:00:00,2019-09-09 03:00:00,Orange,2,1,"Canada, United States, Bahamas, Virgin Islands, U.S., British, Puerto Rico, Martinique, Saint Lucia, Saint Vincent and the Grenadines, Barbados, Dominican Republic, Turks and Caicos Islands, Haiti, Dominica, Guadeloupe"
1000589,Tropical Cyclone PODUL-19,TC,17.4,106.4,2019-08-26 12:00:00,2019-08-29 18:00:00,Orange,2,1,"Viet Nam, Laos, Thailand, China, Philippines, Myanmar, Cambodia"
1000582,Tropical Cyclone LEKIMA-19,TC,36,119.5,2019-08-04 00:00:00,2019-08-11 12:00:00,Red,3,1,", China, Japan"
1000580,Tropical Cyclone FRANCISCO-19,TC,39.6,129.3,2019-08-01 18:00:00,2019-08-07 06:00:00,Orange,2,1,", Japan, Korea, Republic of, Democratic People's Republic of, Russian Federation"
1000579,Tropical Cyclone WIPHA-19,TC,21.2,106.6,2019-07-30 18:00:00,2019-08-03 00:00:00,Orange,2,1,", Viet Nam, China"
1000609,Tropical Cyclone MITAG-19,TC,38,131.8,2019-09-27 06:00:00,2019-10-03 06:00:00,Orange,2,1,"China, Japan, Korea, Republic of"
1000605,Tropical Cyclone TAPAH-19,TC,35.4,131.5,2019-09-19 00:00:00,2019-09-22 18:00:00,Orange,2,1,"Japan, Korea, Republic of, China, Russian Federation, Democratic People's Republic of"
1000603,Tropical Cyclone LORENA-19,TC,28.4,-111.5,2019-09-17 15:00:00,2019-09-22 12:00:00,Orange,2,1,Mexico
1000592,Tropical Cyclone FAXAI-19,TC,39,146.4,2019-09-01 18:00:00,2019-09-09 18:00:00,Orange,2,1,"Japan, "
1000588,Tropical Cyclone DORIAN-19,TC,52.1,-53.4,2019-08-24 15:00:00,2019-09-09 03:00:00,Orange,2,1,"Canada, United States, Bahamas, Virgin Islands, U.S., British, Puerto Rico, Martinique, Saint Lucia, Saint Vincent and the Grenadines, Barbados, Dominican Republic, Turks and Caicos Islands, Haiti, Dominica, Guadeloupe"
1000593,Tropical Cyclone LINGLING-19,TC,37.9,125.3,2019-09-02 00:00:00,2019-09-07 06:00:00,Red,3,3,"Korea, Democratic People's Republic of, Republic of, China, Japan, Russian Federation"
1000624,Tropical Cyclone MATMO-19/BULBUL-19,TC,23,90.8,2019-10-29 18:00:00,2019-11-10 12:00:00,Red,3,2,"Bangladesh, India, Myanmar, Thailand, Cambodia, Laos, Viet Nam"
1000609,Tropical Cyclone MITAG-19,TC,38,131.8,2019-09-27 06:00:00,2019-10-03 06:00:00,Orange,2,1,"China, Japan, Korea, Republic of"
1000636,Tropical Cyclone KAMMURI-19,TC,12.2,113.5,2019-11-25 18:00:00,2019-12-05 18:00:00,Red,3,1,"Philippines, Guam, Northern Mariana Islands"
1000630,Tropical Cyclone KALMAEGI-19,TC,14.1,119.2,2019-11-12 18:00:00,2019-11-20 18:00:00,Orange,2,1,Philippines
1000624,Tropical Cyclone MATMO-19/BULBUL-19,TC,23,90.8,2019-10-29 18:00:00,2019-11-10 12:00:00,Red,3,2,"Bangladesh, India, Myanmar, Thailand, Cambodia, Laos, Viet Nam"
1000641,Tropical Cyclone PHANFONE-19,TC,14.6,112.1,2019-12-21 18:00:00,2019-12-28 18:00:00,Orange,2,1,Philippines
1000636,Tropical Cyclone KAMMURI-19,TC,12.2,113.5,2019-11-25 18:00:00,2019-12-05 18:00:00,Red,3,1,"Philippines, Guam, Northern Mariana Islands"
1000646,Tropical Cyclone TINO-20,TC,-27.7,-167.3,2020-01-16 18:00:00,2020-01-19 06:00:00,Orange,2,1,"Niue, Tonga, Samoa, Fiji, Wallis and Futuna, Tuvalu"
1000663,Tropical Cyclone HAROLD-20,TC,-24.6,-170.7,2020-04-02 18:00:00,2020-04-09 06:00:00,Red,3,1,", Tonga, Fiji, Vanuatu"
1000667,Tropical Cyclone AMPHAN-20,TC,22.2,88.3,2020-05-16 06:00:00,2020-05-20 12:00:00,Red,3,3,"India, Bangladesh, Bhutan"
1000666,Tropical Cyclone VONGFONG-20,TC,19.3,120.5,2020-05-11 18:00:00,2020-05-16 06:00:00,Red,3,1,Philippines
1000673,Tropical Cyclone NISARGA-20,TC,19.1,73.7,2020-06-02 18:00:00,2020-06-03 12:00:00,Red,3,3,India
1000686,Tropical Cyclone ISAIAS-20,TC,47.5,-71.8,2020-07-28 15:00:00,2020-08-05 09:00:00,Orange,2,1,"United States, Bahamas, Dominican Republic, Puerto Rico, Haiti, Virgin Islands  U.S., Turks and Caicos Islands, Virgin Islands  British, Cuba, Anguilla, Aruba, Netherlands Antilles, Saint Kitts and Nevis, Venezuela, Colombia, Montserrat, Antigua and Barbuda, Guadeloupe, Martinique, Saint Lucia, Saint Vincent and the Grenadines, Grenada, Barbados, Trinidad and Tobago, Dominica, Jamaica"
1000688,Tropical Cyclone HAGUPIT-20,TC,30.8,120.2,2020-08-01 00:00:00,2020-08-04 12:00:00,Orange,2,1,"China, Japan, Republic of Korea, Democratic Republic of Korea"
1000689,Tropical Cyclone SINLAKU-20,TC,19.7,105.8,2020-08-01 06:00:00,2020-08-02 06:00:00,Orange,2,2,"Viet Nam, Laos, China, Thailand"
1000685,Tropical Cyclone HANNA-20,TC,25.6,-100.6,2020-07-23 03:00:00,2020-07-26 21:00:00,Orange,2,1,"Mexico, United States"
1000706,Tropical Cyclone HAISHEN-20,TC,40.7,128.9,2020-08-31 12:00:00,2020-09-07 12:00:00,Red,3,2,"Democratic Republic of Korea, Republic of Korea, Japan, China, "
1000705,Tropical Cyclone MAYSAK-20,TC,35.5,129,2020-08-28 00:00:00,2020-09-02 18:00:00,Red,3,3,"Republic of Korea, Japan, Democratic Republic of Korea, China"
1000700,Tropical Cyclone LAURA-20,TC,35.1,-92,2020-08-20 03:00:00,2020-08-28 03:00:00,Orange,2,1,"United States, Cuba, Haiti, Jamaica, Bahamas, Dominican Republic, Puerto Rico, Virgin Islands  U.S., Virgin Islands  British, Anguilla, Saint Kitts and Nevis, Montserrat, Antigua and Barbuda, Guadeloupe, Turks and Caicos Islands, Dominica"
1000702,Tropical Cyclone BAVI-20,TC,41.6,125.8,2020-08-21 12:00:00,2020-08-27 06:00:00,Red,3,2,"China, Democratic Republic of Korea, Republic of Korea"
1000693,Tropical Cyclone MEKKHALA-20,TC,24.1,117.7,2020-08-09 12:00:00,2020-08-11 00:00:00,Orange,2,2,China
1000686,Tropical Cyclone ISAIAS-20,TC,47.5,-71.8,2020-07-28 15:00:00,2020-08-05 09:00:00,Orange,2,1,"United States, Bahamas, Dominican Republic, Puerto Rico, Haiti, Virgin Islands  U.S., Turks and Caicos Islands, Virgin Islands  British, Cuba, Anguilla, Aruba, Netherlands Antilles, Saint Kitts and Nevis, Venezuela, Colombia, Montserrat, Antigua and Barbuda, Guadeloupe, Martinique, Saint Lucia, Saint Vincent and the Grenadines, Grenada, Barbados, Trinidad and Tobago, Dominica, Jamaica"
1000688,Tropical Cyclone HAGUPIT-20,TC,30.8,120.2,2020-08-01 00:00:00,2020-08-04 12:00:00,Orange,2,1,"China, Japan, Republic of Korea, Democratic Republic of Korea"
1000689,Tropical Cyclone SINLAKU-20,TC,19.7,105.8,2020-08-01 06:00:00,2020-08-02 06:00:00,Orange,2,2,"Viet Nam, Laos, China, Thailand"
1000717,Tropical Cyclone NOUL-20,TC,16.3,105.3,2020-09-15 12:00:00,2020-09-18 06:00:00,Orange,2,2,"Laos, Thailand, Viet Nam, Cambodia, China"
1000706,Tropical Cyclone HAISHEN-20,TC,40.7,128.9,2020-08-31 12:00:00,2020-09-07 12:00:00,Red,3,2,"Democratic Republic of Korea, Republic of Korea, Japan, China, "
1000705,Tropical Cyclone MAYSAK-20,TC,35.5,129,2020-08-28 00:00:00,2020-09-02 18:00:00,Red,3,3,"Republic of Korea, Japan, Democratic Republic of Korea, China"
1000738,Tropical Cyclone ETA-20,TC,33.3,-76.8,2020-10-31 21:00:00,2020-11-13 09:00:00,Red,3,1,"Nicaragua, United States, Honduras"
1000736,Tropical Cyclone GONI-20,TC,13.9,109.2,2020-10-28 00:00:00,2020-11-06 00:00:00,Red,3,1,Philippines
1000735,Tropical Cyclone ZETA-20,TC,38.8,-75.3,2020-10-24 21:00:00,2020-10-29 21:00:00,Orange,2,1,"United States, Mexico, Cuba"
1000734,Tropical Cyclone MOLAVE-20,TC,15.4,108.5,2020-10-24 00:00:00,2020-10-28 06:00:00,Red,3,3,"Viet Nam, Laos, Philippines, Cambodia, Thailand"
1000730,Tropical Cyclone NANGKA-20,TC,20,106.8,2020-10-11 18:00:00,2020-10-14 00:00:00,Orange,2,2,"Viet Nam, China, Laos, Thailand"
1000726,Tropical Cyclone DELTA-20,TC,33.1,-90.8,2020-10-04 21:00:00,2020-10-10 15:00:00,Red,3,1,"United States, Mexico, Cuba, Cayman Islands"
1000748,Tropical Cyclone BUREVI-20,TC,9,79.4,2020-12-01 12:00:00,2020-12-04 18:00:00,Orange,2,1,"India, Sri Lanka"
1000747,Tropical Cyclone NIVAR-20,TC,12.3,79.4,2020-11-23 12:00:00,2020-11-26 00:00:00,Red,3,2,India
1000746,Tropical Cyclone GATI-20,TC,11.9,47.5,2020-11-21 18:00:00,2020-11-23 18:00:00,Orange,2,1,Somalia
1000743,Tropical Cyclone IOTA-20,TC,13.8,-89.5,2020-11-13 15:00:00,2020-11-18 15:00:00,Red,3,1,"Honduras, Nicaragua"
1000741,Tropical Cyclone VAMCO-20,TC,17.7,106.5,2020-11-09 06:00:00,2020-11-15 06:00:00,Red,3,3,"Viet Nam, Laos, Philippines"
1000738,Tropical Cyclone ETA-20,TC,33.3,-76.8,2020-10-31 21:00:00,2020-11-13 09:00:00,Red,3,1,"Nicaragua, United States, Honduras"
1000736,Tropical Cyclone GONI-20,TC,13.9,109.2,2020-10-28 00:00:00,2020-11-06 00:00:00,Red,3,1,Philippines
1000752,Tropical Cyclone YASA-20,TC,-23.3,-178.1,2020-12-12 12:00:00,2020-12-20 00:00:00,Red,3,1,"Fiji, "
1000748,Tropical Cyclone BUREVI-20,TC,9,79.4,2020-12-01 12:00:00,2020-12-04 18:00:00,Orange,2,1,"India, Sri Lanka"
1000763,Tropical Cyclone ANA-21,TC,-23.1,179.6,2021-01-30 00:00:00,2021-02-01 18:00:00,Orange,2,1,Fiji
1000760,Tropical Cyclone ELOISE-21,TC,-20.4,34,2021-01-17 06:00:00,2021-01-23 06:00:00,Orange,2,2,"Mozambique, Zimbabwe, Madagascar, Miscellaneous (French) Indian Ocean Islands"
1000772,Tropical Cyclone NIRAN-21,TC,-27.3,175.7,2021-03-01 00:00:00,2021-03-07 00:00:00,Red,3,1,"New Caledonia, Australia, Norfolk Island, Vanuatu"
1000763,Tropical Cyclone ANA-21,TC,-23.1,179.6,2021-01-30 00:00:00,2021-02-01 18:00:00,Orange,2,1,Fiji
1000772,Tropical Cyclone NIRAN-21,TC,-27.3,175.7,2021-03-01 00:00:00,2021-03-07 00:00:00,Red,3,1,"New Caledonia, Australia, Norfolk Island, Vanuatu"
1000784,Tropical Cyclone YAAS-21,TC,21.6,87,2021-05-24 00:00:00,2021-05-26 06:00:00,Red,3,2,India
1000782,Tropical Cyclone TAUKTAE-21,TC,20.8,71.3,2021-05-14 06:00:00,2021-05-17 18:00:00,Red,3,3,"India, Pakistan"
1000795,Tropical Cyclone ELSA-21,TC,43,-69.5,2021-06-30 21:00:00,2021-07-09 21:00:00,Orange,2,1,"Barbados, Saint Lucia, Martinique, Saint Vincent and the Grenadines, Grenada, Dominica, Dominican Republic, Haiti, Cuba, United States, Jamaica, Trinidad and Tobago, Guadeloupe"
1000787,Tropical Cyclone KOGUMA-21,TC,20.5,106.5,2021-06-12 00:00:00,2021-06-12 18:00:00,Orange,2,1,"Viet Nam, China, Laos"
1000799,Tropical Cyclone IN-FA-21,TC,30.9,120.9,2021-07-16 06:00:00,2021-07-26 06:00:00,Orange,2,1,"Japan, China"
1000801,Tropical Cyclone CEMPAKA-21,TC,20,107.3,2021-07-18 18:00:00,2021-07-23 12:00:00,Orange,2,1,China
1000795,Tropical Cyclone ELSA-21,TC,43,-69.5,2021-06-30 21:00:00,2021-07-09 21:00:00,Orange,2,1,"Barbados, Saint Lucia, Martinique, Saint Vincent and the Grenadines, Grenada, Dominica, Dominican Republic, Haiti, Cuba, United States, Jamaica, Trinidad and Tobago, Guadeloupe"
1000818,Tropical Cyclone IDA-21,TC,32.6,-90.3,2021-08-26 15:00:00,2021-08-30 21:00:00,Red,3,1,"United States, Cuba"
1000817,Tropical Cyclone NORA-21,TC,25.3,-108.1,2021-08-25 21:00:00,2021-08-30 09:00:00,Orange,2,1,Mexico
1000814,Tropical Cyclone GRACE-21,TC,19.6,-100.1,2021-08-13 15:00:00,2021-08-21 21:00:00,Red,3,1,Mexico
1000834,Tropical Cyclone GULAB-21/SHAHEEN-21,TC,23.8,57.4,2021-09-24 06:00:00,2021-10-03 18:00:00,Orange,2,1,Oman
1000824,Tropical Cyclone CHANTHU-21,TC,34.1,136.6,2021-09-06 06:00:00,2021-09-18 00:00:00,Red,3,1,"China, Philippines"
1000825,Tropical Cyclone OLAF-21,TC,24.4,-114,2021-09-07 21:00:00,2021-09-11 09:00:00,Orange,2,1,Mexico
1000841,Tropical Cyclone RICK-21,TC,20.4,-103.1,2021-10-22 15:00:00,2021-10-26 03:00:00,Orange,2,1,Mexico
1000839,Tropical Cyclone KOMPASU-21,TC,19.5,106.7,2021-10-10 06:00:00,2021-10-14 06:00:00,Orange,2,1,"Viet Nam, Laos, China, Philippines"
1000840,Tropical Cyclone PAMELA-21,TC,27.5,-101.5,2021-10-10 09:00:00,2021-10-14 03:00:00,Orange,2,1,Mexico
1000837,Tropical Cyclone LIONROCK-21,TC,20.8,106.6,2021-10-07 06:00:00,2021-10-10 06:00:00,Orange,2,1,"Viet Nam, China"
1000834,Tropical Cyclone GULAB-21/SHAHEEN-21,TC,23.8,57.4,2021-09-24 06:00:00,2021-10-03 18:00:00,Orange,2,1,Oman
1000853,Tropical Cyclone RAI-21,TC,19.8,113,2021-12-13 00:00:00,2021-12-20 18:00:00,Red,3,1,Philippines
1000859,Tropical Cyclone BATSIRAI-22,TC,-28.3,41.8,2022-01-27 00:00:00,2022-02-08 12:00:00,Red,3,1,Madagascar
1000858,Tropical Cyclone ANA-22,TC,-16.3,38.8,2022-01-23 12:00:00,2022-01-24 12:00:00,Orange,2,2,"Mozambique, Malawi, Miscellaneous (French) Indian Ocean Islands, Madagascar, Zimbabwe"
1000866,Tropical Cyclone EMNATI-22,TC,-28.7,41.8,2022-02-16 18:00:00,2022-02-24 18:00:00,Red,3,1,Madagascar
1000859,Tropical Cyclone BATSIRAI-22,TC,-28.3,41.8,2022-01-27 00:00:00,2022-02-08 12:00:00,Red,3,1,Madagascar
1000873,Tropical Cyclone GOMBE-22,TC,-15.6,35.1,2022-03-07 18:00:00,2022-03-12 18:00:00,Orange,2,1,Madagascar
1000886,Tropical Cyclone AGATHA-22,TC,17.3,-94.9,2022-05-28 03:00:00,2022-05-31 15:00:00,Orange,2,1,Mexico
1000883,Tropical Cyclone ASANI-22,TC,16,81,2022-05-07 06:00:00,2022-05-11 12:00:00,Orange,2,1,India
1000891,Tropical Cyclone CHABA-22,TC,22,110.8,2022-06-29 18:00:00,2022-07-02 12:00:00,Orange,2,2,China
1000891,Tropical Cyclone CHABA-22,TC,22,110.8,2022-06-29 18:00:00,2022-07-02 12:00:00,Orange,2,2,China
1000907,Tropical Cyclone HINNAMNOR-22,TC,36.5,130.6,2022-08-28 06:00:00,2022-09-06 00:00:00,Orange,2,2,"Republic of Korea, Japan"
1000905,Tropical Cyclone MA-ON-22,TC,21.8,110.1,2022-08-21 12:00:00,2022-08-25 06:00:00,Orange,2,2,"China, Viet Nam, Laos, Philippines"
1000904,Tropical Cyclone FOUR-22,TC,22,87.3,2022-08-18 18:00:00,2022-08-19 18:00:00,Orange,2,2,"India, Bangladesh"
1000929,Tropical Cyclone ORLENE-22,TC,24,-105,2022-09-29 03:00:00,2022-10-04 03:00:00,Orange,2,1,Mexico
1000923,Tropical Cyclone IAN-22,TC,37.3,-78.2,2022-09-23 09:00:00,2022-10-02 03:00:00,Red,3,1,"United States, Cuba"
1000922,Tropical Cyclone NORU-22,TC,16,107.8,2022-09-22 00:00:00,2022-09-28 00:00:00,Red,3,2,"Viet Nam, Laos, Philippines"
1000916,Tropical Cyclone FIONA-22,TC,48.4,-60.5,2022-09-14 15:00:00,2022-09-24 21:00:00,Red,3,1,"Canada, Turks and Caicos Islands, Dominican Republic, Puerto Rico"
1000915,Tropical Cyclone NANMADOL-22,TC,37.4,137.1,2022-09-12 18:00:00,2022-09-19 18:00:00,Orange,2,1,Japan
1000913,Tropical Cyclone MUIFA-22,TC,39.3,122.1,2022-09-06 18:00:00,2022-09-16 06:00:00,Orange,2,1,"China, Japan"
1000907,Tropical Cyclone HINNAMNOR-22,TC,36.5,130.6,2022-08-28 06:00:00,2022-09-06 00:00:00,Orange,2,2,"Republic of Korea, Japan"
1000944,Tropical Cyclone LISA-22,TC,21.2,-95.2,2022-10-30 21:00:00,2022-11-05 15:00:00,Orange,2,1,"Guatemala, Belize"
1000941,Tropical Cyclone SITRANG-22,TC,24.1,91,2022-10-23 12:00:00,2022-10-24 18:00:00,Orange,2,2,"Bangladesh, India, Myanmar, Bhutan"
1000940,Tropical Cyclone ROSLYN-22,TC,26,-101,2022-10-20 03:00:00,2022-10-24 03:00:00,Red,3,1,Mexico
1000937,Tropical Cyclone NESAT-22,TC,17.5,107.9,2022-10-14 18:00:00,2022-10-20 12:00:00,Orange,2,1,"Viet Nam, China, Laos, Cambodia, Philippines"
1000933,Tropical Cyclone JULIA-22,TC,15,-91.6,2022-10-06 15:00:00,2022-10-10 21:00:00,Orange,2,1,Nicaragua
1000929,Tropical Cyclone ORLENE-22,TC,24,-105,2022-09-29 03:00:00,2022-10-04 03:00:00,Orange,2,1,Mexico
1000923,Tropical Cyclone IAN-22,TC,37.3,-78.2,2022-09-23 09:00:00,2022-10-02 03:00:00,Red,3,1,"United States, Cuba"
1000944,Tropical Cyclone LISA-22,TC,21.2,-95.2,2022-10-30 21:00:00,2022-11-05 15:00:00,Orange,2,1,"Guatemala, Belize"
1000950,Tropical Cyclone MANDOUS-22,TC,11.9,81.2,2022-12-07 18:00:00,2022-12-09 12:00:00,Orange,2,2,"India, Sri Lanka"
1001892,Forest fires in Algeria,WF,36.57024286,4.199909868,2021-08-09 00:00:00,2021-08-15 00:00:00,Orange,2,1.5,Algeria
1001771,Forest fires in Greece,WF,38.86310302,23.33978075,2021-08-06 00:00:00,2021-08-07 00:00:00,Orange,2,1.5,Greece
1004136,Forest fires in Argentina,WF,-28.0146576,-57.19377533,2022-02-07 00:00:00,2022-02-23 00:00:00,Orange,2,1.5,Argentina
1007792,"Forest fires in Germany, Czech Republic",WF,50.88321915,14.28391566,2022-07-24 00:00:00,2022-07-29 00:00:00,Orange,2,1.5,"Germany, Czech Republic"
1008161,Forest fires in France,WF,44.47892119,-0.724268129,2022-08-09 00:00:00,2022-08-12 00:00:00,Orange,2,1.5,France
1012191,Drought in Australia,DR,-33.5,144.5,2018-02-21 00:00:00,2018-11-24 16:27:00,Orange,2,1,Australia
1012191,Drought in Australia,DR,-33.5,144.5,2018-02-21 00:00:00,2018-11-24 16:27:00,Orange,2,1,Australia
1012304,Drought in Madagascar,DR,-19.498,46.464,2018-03-21 00:00:00,2018-09-13 13:57:00,Orange,2,1.5,Madagascar
1012191,Drought in Australia,DR,-33.5,144.5,2018-02-21 00:00:00,2018-11-24 16:27:00,Orange,2,1,Australia
1012304,Drought in Madagascar,DR,-19.498,46.464,2018-03-21 00:00:00,2018-09-13 13:57:00,Orange,2,1.5,Madagascar
1012191,Drought in Australia,DR,-33.5,144.5,2018-02-21 00:00:00,2018-11-24 16:27:00,Orange,2,1,Australia
1012304,Drought in Madagascar,DR,-19.498,46.464,2018-03-21 00:00:00,2018-09-13 13:57:00,Orange,2,1.5,Madagascar
1012538,"Drought in China, India, Myanmar, Nepal",DR,18.303,80.962,2018-06-21 00:00:00,2019-02-16 15:47:00,Orange,2,1.5,"China, India, Myanmar, Nepal"
1012191,Drought in Australia,DR,-33.5,144.5,2018-02-21 00:00:00,2018-11-24 16:27:00,Orange,2,1,Australia
1012304,Drought in Madagascar,DR,-19.498,46.464,2018-03-21 00:00:00,2018-09-13 13:57:00,Orange,2,1.5,Madagascar
1012538,"Drought in China, India, Myanmar, Nepal",DR,18.303,80.962,2018-06-21 00:00:00,2019-02-16 15:47:00,Orange,2,1.5,"China, India, Myanmar, Nepal"
1012498,"Drought in India, Pakistan",DR,25.391,68.889,2018-07-21 00:00:00,2018-12-30 14:05:00,Orange,2,1.75,"India, Pakistan"
1012191,Drought in Australia,DR,-33.5,144.5,2018-02-21 00:00:00,2018-11-24 16:27:00,Orange,2,1,Australia
1012304,Drought in Madagascar,DR,-19.498,46.464,2018-03-21 00:00:00,2018-09-13 13:57:00,Orange,2,1.5,Madagascar
1012471,"Drought in Guatemala, Mexico",DR,15.834,-91.497,2018-07-21 00:00:00,2018-09-06 09:57:00,Orange,2,1.5,"Guatemala, Mexico"
1012475,"Drought in Belize, Guatemala, Mexico",DR,17.999,-90,2018-07-21 00:00:00,2018-08-29 15:17:00,Orange,2,1.5,"Belize, Guatemala, Mexico"
1012538,"Drought in China, India, Myanmar, Nepal",DR,18.303,80.962,2018-06-21 00:00:00,2019-02-16 15:47:00,Orange,2,1.5,"China, India, Myanmar, Nepal"
1012578,"Drought in Cambodia, Laos, Thailand, Vietnam",DR,16.099,104.192,2018-08-21 00:00:00,2019-01-26 17:07:00,Orange,2,1.25,"Cambodia, Laos, Thailand, Vietnam"
1012498,"Drought in India, Pakistan",DR,25.391,68.889,2018-07-21 00:00:00,2018-12-30 14:05:00,Orange,2,1.75,"India, Pakistan"
1012191,Drought in Australia,DR,-33.5,144.5,2018-02-21 00:00:00,2018-11-24 16:27:00,Orange,2,1,Australia
1012536,"Drought in Afghanistan, Pakistan, Tajikistan",DR,36.251,72.755,2018-08-21 00:00:00,2018-10-12 12:27:00,Orange,2,1.5,"Afghanistan, Pakistan, Tajikistan"
1012558,"Drought in Afghanistan, Iran, Pakistan, Tajikistan",DR,34.5,63.5,2018-08-21 00:00:00,2018-10-10 08:17:00,Red,3,2.25,"Afghanistan, Iran, Pakistan, Tajikistan"
1012304,Drought in Madagascar,DR,-19.498,46.464,2018-03-21 00:00:00,2018-09-13 13:57:00,Orange,2,1.5,Madagascar
1012471,"Drought in Guatemala, Mexico",DR,15.834,-91.497,2018-07-21 00:00:00,2018-09-06 09:57:00,Orange,2,1.5,"Guatemala, Mexico"
1012475,"Drought in Belize, Guatemala, Mexico",DR,17.999,-90,2018-07-21 00:00:00,2018-08-29 15:17:00,Orange,2,1.5,"Belize, Guatemala, Mexico"
1012649,"Drought in Belize, Guatemala, Honduras, Mexico, Nicaragua",DR,15.357,-87.068,2018-09-21 00:00:00,2020-03-03 14:37:00,Orange,2,1.5,"Belize, Guatemala, Honduras, Mexico, Nicaragua"
1012538,"Drought in China, India, Myanmar, Nepal",DR,18.303,80.962,2018-06-21 00:00:00,2019-02-16 15:47:00,Orange,2,1.5,"China, India, Myanmar, Nepal"
1012578,"Drought in Cambodia, Laos, Thailand, Vietnam",DR,16.099,104.192,2018-08-21 00:00:00,2019-01-26 17:07:00,Orange,2,1.25,"Cambodia, Laos, Thailand, Vietnam"
1012498,"Drought in India, Pakistan",DR,25.391,68.889,2018-07-21 00:00:00,2018-12-30 14:05:00,Orange,2,1.75,"India, Pakistan"
1012191,Drought in Australia,DR,-33.5,144.5,2018-02-21 00:00:00,2018-11-24 16:27:00,Orange,2,1,Australia
1012597,"Drought in Guatemala, Mexico",DR,17.253,-92.169,2018-09-11 00:00:00,2018-11-10 08:57:00,Orange,2,1.5,"Guatemala, Mexico"
1012536,"Drought in Afghanistan, Pakistan, Tajikistan",DR,36.251,72.755,2018-08-21 00:00:00,2018-10-12 12:27:00,Orange,2,1.5,"Afghanistan, Pakistan, Tajikistan"
1012558,"Drought in Afghanistan, Iran, Pakistan, Tajikistan",DR,34.5,63.5,2018-08-21 00:00:00,2018-10-10 08:17:00,Red,3,2.25,"Afghanistan, Iran, Pakistan, Tajikistan"
1012304,Drought in Madagascar,DR,-19.498,46.464,2018-03-21 00:00:00,2018-09-13 13:57:00,Orange,2,1.5,Madagascar
1012471,"Drought in Guatemala, Mexico",DR,15.834,-91.497,2018-07-21 00:00:00,2018-09-06 09:57:00,Orange,2,1.5,"Guatemala, Mexico"
1012728,"Drought in Angola, Botswana, Mozambique, Namibia, Zambia, Zimbabwe",DR,-19.807,26.836,2018-10-21 00:00:00,2020-03-24 16:37:00,Red,3,2,"Angola, Botswana, Mozambique, Namibia, Zambia, Zimbabwe"
1012649,"Drought in Belize, Guatemala, Honduras, Mexico, Nicaragua",DR,15.357,-87.068,2018-09-21 00:00:00,2020-03-03 14:37:00,Orange,2,1.5,"Belize, Guatemala, Honduras, Mexico, Nicaragua"
1013042,Drought in Philippines,DR,10.023,123.23,2018-10-21 00:00:00,2019-07-23 08:27:00,Orange,2,1.25,Philippines
1012538,"Drought in China, India, Myanmar, Nepal",DR,18.303,80.962,2018-06-21 00:00:00,2019-02-16 15:47:00,Orange,2,1.5,"China, India, Myanmar, Nepal"
1012578,"Drought in Cambodia, Laos, Thailand, Vietnam",DR,16.099,104.192,2018-08-21 00:00:00,2019-01-26 17:07:00,Orange,2,1.25,"Cambodia, Laos, Thailand, Vietnam"
1012703,"Drought in Congo, DRC, Central African Republic, Kenya, South Sudan, Uganda",DR,3.637,30.911,2018-10-21 00:00:00,2018-12-30 14:05:00,Orange,2,1.5,"Congo, DRC, Central African Republic, Kenya, South Sudan, Uganda"
1012498,"Drought in India, Pakistan",DR,25.391,68.889,2018-07-21 00:00:00,2018-12-30 14:05:00,Orange,2,1.75,"India, Pakistan"
1012191,Drought in Australia,DR,-33.5,144.5,2018-02-21 00:00:00,2018-11-24 16:27:00,Orange,2,1,Australia
1012597,"Drought in Guatemala, Mexico",DR,17.253,-92.169,2018-09-11 00:00:00,2018-11-10 08:57:00,Orange,2,1.5,"Guatemala, Mexico"
1012536,"Drought in Afghanistan, Pakistan, Tajikistan",DR,36.251,72.755,2018-08-21 00:00:00,2018-10-12 12:27:00,Orange,2,1.5,"Afghanistan, Pakistan, Tajikistan"
1012558,"Drought in Afghanistan, Iran, Pakistan, Tajikistan",DR,34.5,63.5,2018-08-21 00:00:00,2018-10-10 08:17:00,Red,3,2.25,"Afghanistan, Iran, Pakistan, Tajikistan"
1012728,"Drought in Angola, Botswana, Mozambique, Namibia, Zambia, Zimbabwe",DR,-19.807,26.836,2018-10-21 00:00:00,2020-03-24 16:37:00,Red,3,2,"Angola, Botswana, Mozambique, Namibia, Zambia, Zimbabwe"
1012649,"Drought in Belize, Guatemala, Honduras, Mexico, Nicaragua",DR,15.357,-87.068,2018-09-21 00:00:00,2020-03-03 14:37:00,Orange,2,1.5,"Belize, Guatemala, Honduras, Mexico, Nicaragua"
1013042,Drought in Philippines,DR,10.023,123.23,2018-10-21 00:00:00,2019-07-23 08:27:00,Orange,2,1.25,Philippines
1012765,"Drought in Dominican Republic, Haiti",DR,19.114,-70.697,2018-11-21 00:00:00,2019-04-05 09:27:00,Orange,2,1.75,"Dominican Republic, Haiti"
1012810,"Drought in Afghanistan, Iran, Pakistan",DR,30.864,62.876,2018-11-21 00:00:00,2019-02-16 15:47:00,Orange,2,1.75,"Afghanistan, Iran, Pakistan"
1012802,Drought in Peru,DR,-13.333,-73.668,2018-11-21 00:00:00,2019-02-16 15:47:00,Orange,2,1,Peru
1012538,"Drought in China, India, Myanmar, Nepal",DR,18.303,80.962,2018-06-21 00:00:00,2019-02-16 15:47:00,Orange,2,1.5,"China, India, Myanmar, Nepal"
1012578,"Drought in Cambodia, Laos, Thailand, Vietnam",DR,16.099,104.192,2018-08-21 00:00:00,2019-01-26 17:07:00,Orange,2,1.25,"Cambodia, Laos, Thailand, Vietnam"
1012703,"Drought in Congo, DRC, Central African Republic, Kenya, South Sudan, Uganda",DR,3.637,30.911,2018-10-21 00:00:00,2018-12-30 14:05:00,Orange,2,1.5,"Congo, DRC, Central African Republic, Kenya, South Sudan, Uganda"
1012498,"Drought in India, Pakistan",DR,25.391,68.889,2018-07-21 00:00:00,2018-12-30 14:05:00,Orange,2,1.75,"India, Pakistan"
1012191,Drought in Australia,DR,-33.5,144.5,2018-02-21 00:00:00,2018-11-24 16:27:00,Orange,2,1,Australia
1012597,"Drought in Guatemala, Mexico",DR,17.253,-92.169,2018-09-11 00:00:00,2018-11-10 08:57:00,Orange,2,1.5,"Guatemala, Mexico"
1012926,"Drought in Bolivia, Brazil",DR,-10.415,-61.314,2018-12-21 00:00:00,2020-08-10 15:27:00,Orange,2,1.25,"Bolivia, Brazil"
1012728,"Drought in Angola, Botswana, Mozambique, Namibia, Zambia, Zimbabwe",DR,-19.807,26.836,2018-10-21 00:00:00,2020-03-24 16:37:00,Red,3,2,"Angola, Botswana, Mozambique, Namibia, Zambia, Zimbabwe"
1012649,"Drought in Belize, Guatemala, Honduras, Mexico, Nicaragua",DR,15.357,-87.068,2018-09-21 00:00:00,2020-03-03 14:37:00,Orange,2,1.5,"Belize, Guatemala, Honduras, Mexico, Nicaragua"
1012873,"Drought in India, Sri Lanka",DR,8.828,79.198,2018-12-21 00:00:00,2019-08-26 13:37:00,Red,3,2,"India, Sri Lanka"
1013042,Drought in Philippines,DR,10.023,123.23,2018-10-21 00:00:00,2019-07-23 08:27:00,Orange,2,1.25,Philippines
1012765,"Drought in Dominican Republic, Haiti",DR,19.114,-70.697,2018-11-21 00:00:00,2019-04-05 09:27:00,Orange,2,1.75,"Dominican Republic, Haiti"
1012810,"Drought in Afghanistan, Iran, Pakistan",DR,30.864,62.876,2018-11-21 00:00:00,2019-02-16 15:47:00,Orange,2,1.75,"Afghanistan, Iran, Pakistan"
1012802,Drought in Peru,DR,-13.333,-73.668,2018-11-21 00:00:00,2019-02-16 15:47:00,Orange,2,1,Peru
1012538,"Drought in China, India, Myanmar, Nepal",DR,18.303,80.962,2018-06-21 00:00:00,2019-02-16 15:47:00,Orange,2,1.5,"China, India, Myanmar, Nepal"
1012578,"Drought in Cambodia, Laos, Thailand, Vietnam",DR,16.099,104.192,2018-08-21 00:00:00,2019-01-26 17:07:00,Orange,2,1.25,"Cambodia, Laos, Thailand, Vietnam"
1012703,"Drought in Congo, DRC, Central African Republic, Kenya, South Sudan, Uganda",DR,3.637,30.911,2018-10-21 00:00:00,2018-12-30 14:05:00,Orange,2,1.5,"Congo, DRC, Central African Republic, Kenya, South Sudan, Uganda"
1012498,"Drought in India, Pakistan",DR,25.391,68.889,2018-07-21 00:00:00,2018-12-30 14:05:00,Orange,2,1.75,"India, Pakistan"
1012926,"Drought in Bolivia, Brazil",DR,-10.415,-61.314,2018-12-21 00:00:00,2020-08-10 15:27:00,Orange,2,1.25,"Bolivia, Brazil"
1012728,"Drought in Angola, Botswana, Mozambique, Namibia, Zambia, Zimbabwe",DR,-19.807,26.836,2018-10-21 00:00:00,2020-03-24 16:37:00,Red,3,2,"Angola, Botswana, Mozambique, Namibia, Zambia, Zimbabwe"
1012649,"Drought in Belize, Guatemala, Honduras, Mexico, Nicaragua",DR,15.357,-87.068,2018-09-21 00:00:00,2020-03-03 14:37:00,Orange,2,1.5,"Belize, Guatemala, Honduras, Mexico, Nicaragua"
1012873,"Drought in India, Sri Lanka",DR,8.828,79.198,2018-12-21 00:00:00,2019-08-26 13:37:00,Red,3,2,"India, Sri Lanka"
1013042,Drought in Philippines,DR,10.023,123.23,2018-10-21 00:00:00,2019-07-23 08:27:00,Orange,2,1.25,Philippines
1012765,"Drought in Dominican Republic, Haiti",DR,19.114,-70.697,2018-11-21 00:00:00,2019-04-05 09:27:00,Orange,2,1.75,"Dominican Republic, Haiti"
1012810,"Drought in Afghanistan, Iran, Pakistan",DR,30.864,62.876,2018-11-21 00:00:00,2019-02-16 15:47:00,Orange,2,1.75,"Afghanistan, Iran, Pakistan"
1012802,Drought in Peru,DR,-13.333,-73.668,2018-11-21 00:00:00,2019-02-16 15:47:00,Orange,2,1,Peru
1012538,"Drought in China, India, Myanmar, Nepal",DR,18.303,80.962,2018-06-21 00:00:00,2019-02-16 15:47:00,Orange,2,1.5,"China, India, Myanmar, Nepal"
1012578,"Drought in Cambodia, Laos, Thailand, Vietnam",DR,16.099,104.192,2018-08-21 00:00:00,2019-01-26 17:07:00,Orange,2,1.25,"Cambodia, Laos, Thailand, Vietnam"
1012926,"Drought in Bolivia, Brazil",DR,-10.415,-61.314,2018-12-21 00:00:00,2020-08-10 15:27:00,Orange,2,1.25,"Bolivia, Brazil"
1012728,"Drought in Angola, Botswana, Mozambique, Namibia, Zambia, Zimbabwe",DR,-19.807,26.836,2018-10-21 00:00:00,2020-03-24 16:37:00,Red,3,2,"Angola, Botswana, Mozambique, Namibia, Zambia, Zimbabwe"
1012649,"Drought in Belize, Guatemala, Honduras, Mexico, Nicaragua",DR,15.357,-87.068,2018-09-21 00:00:00,2020-03-03 14:37:00,Orange,2,1.5,"Belize, Guatemala, Honduras, Mexico, Nicaragua"
1012873,"Drought in India, Sri Lanka",DR,8.828,79.198,2018-12-21 00:00:00,2019-08-26 13:37:00,Red,3,2,"India, Sri Lanka"
1013042,Drought in Philippines,DR,10.023,123.23,2018-10-21 00:00:00,2019-07-23 08:27:00,Orange,2,1.25,Philippines
1013021,Drought in Kenya,DR,1.249,37.752,2019-02-21 00:00:00,2019-07-16 15:27:00,Red,3,2,Kenya
1013088,Drought in India,DR,19.833,76.244,2019-02-21 00:00:00,2019-07-02 09:17:00,Red,3,2,India
1012765,"Drought in Dominican Republic, Haiti",DR,19.114,-70.697,2018-11-21 00:00:00,2019-04-05 09:27:00,Orange,2,1.75,"Dominican Republic, Haiti"
1012810,"Drought in Afghanistan, Iran, Pakistan",DR,30.864,62.876,2018-11-21 00:00:00,2019-02-16 15:47:00,Orange,2,1.75,"Afghanistan, Iran, Pakistan"
1012802,Drought in Peru,DR,-13.333,-73.668,2018-11-21 00:00:00,2019-02-16 15:47:00,Orange,2,1,Peru
1012538,"Drought in China, India, Myanmar, Nepal",DR,18.303,80.962,2018-06-21 00:00:00,2019-02-16 15:47:00,Orange,2,1.5,"China, India, Myanmar, Nepal"
1012926,"Drought in Bolivia, Brazil",DR,-10.415,-61.314,2018-12-21 00:00:00,2020-08-10 15:27:00,Orange,2,1.25,"Bolivia, Brazil"
1012728,"Drought in Angola, Botswana, Mozambique, Namibia, Zambia, Zimbabwe",DR,-19.807,26.836,2018-10-21 00:00:00,2020-03-24 16:37:00,Red,3,2,"Angola, Botswana, Mozambique, Namibia, Zambia, Zimbabwe"
1012649,"Drought in Belize, Guatemala, Honduras, Mexico, Nicaragua",DR,15.357,-87.068,2018-09-21 00:00:00,2020-03-03 14:37:00,Orange,2,1.5,"Belize, Guatemala, Honduras, Mexico, Nicaragua"
1012873,"Drought in India, Sri Lanka",DR,8.828,79.198,2018-12-21 00:00:00,2019-08-26 13:37:00,Red,3,2,"India, Sri Lanka"
1013327,"Drought in Botswana, Mozambique, South Africa, Zimbabwe",DR,-22.721,31.814,2019-03-21 00:00:00,2019-08-01 10:47:00,Red,3,2.25,"Botswana, Mozambique, South Africa, Zimbabwe"
1013042,Drought in Philippines,DR,10.023,123.23,2018-10-21 00:00:00,2019-07-23 08:27:00,Orange,2,1.25,Philippines
1013021,Drought in Kenya,DR,1.249,37.752,2019-02-21 00:00:00,2019-07-16 15:27:00,Red,3,2,Kenya
1013088,Drought in India,DR,19.833,76.244,2019-02-21 00:00:00,2019-07-02 09:17:00,Red,3,2,India
1012765,"Drought in Dominican Republic, Haiti",DR,19.114,-70.697,2018-11-21 00:00:00,2019-04-05 09:27:00,Orange,2,1.75,"Dominican Republic, Haiti"
1012926,"Drought in Bolivia, Brazil",DR,-10.415,-61.314,2018-12-21 00:00:00,2020-08-10 15:27:00,Orange,2,1.25,"Bolivia, Brazil"
1012728,"Drought in Angola, Botswana, Mozambique, Namibia, Zambia, Zimbabwe",DR,-19.807,26.836,2018-10-21 00:00:00,2020-03-24 16:37:00,Red,3,2,"Angola, Botswana, Mozambique, Namibia, Zambia, Zimbabwe"
1012649,"Drought in Belize, Guatemala, Honduras, Mexico, Nicaragua",DR,15.357,-87.068,2018-09-21 00:00:00,2020-03-03 14:37:00,Orange,2,1.5,"Belize, Guatemala, Honduras, Mexico, Nicaragua"
1012873,"Drought in India, Sri Lanka",DR,8.828,79.198,2018-12-21 00:00:00,2019-08-26 13:37:00,Red,3,2,"India, Sri Lanka"
1013327,"Drought in Botswana, Mozambique, South Africa, Zimbabwe",DR,-22.721,31.814,2019-03-21 00:00:00,2019-08-01 10:47:00,Red,3,2.25,"Botswana, Mozambique, South Africa, Zimbabwe"
1013042,Drought in Philippines,DR,10.023,123.23,2018-10-21 00:00:00,2019-07-23 08:27:00,Orange,2,1.25,Philippines
1013021,Drought in Kenya,DR,1.249,37.752,2019-02-21 00:00:00,2019-07-16 15:27:00,Red,3,2,Kenya
1013088,Drought in India,DR,19.833,76.244,2019-02-21 00:00:00,2019-07-02 09:17:00,Red,3,2,India
1013210,Drought in Indonesia,DR,-1.561,120.443,2019-04-21 00:00:00,2019-07-02 09:17:00,Orange,2,1.25,Indonesia
1012765,"Drought in Dominican Republic, Haiti",DR,19.114,-70.697,2018-11-21 00:00:00,2019-04-05 09:27:00,Orange,2,1.75,"Dominican Republic, Haiti"
1012926,"Drought in Bolivia, Brazil",DR,-10.415,-61.314,2018-12-21 00:00:00,2020-08-10 15:27:00,Orange,2,1.25,"Bolivia, Brazil"
1012728,"Drought in Angola, Botswana, Mozambique, Namibia, Zambia, Zimbabwe",DR,-19.807,26.836,2018-10-21 00:00:00,2020-03-24 16:37:00,Red,3,2,"Angola, Botswana, Mozambique, Namibia, Zambia, Zimbabwe"
1012649,"Drought in Belize, Guatemala, Honduras, Mexico, Nicaragua",DR,15.357,-87.068,2018-09-21 00:00:00,2020-03-03 14:37:00,Orange,2,1.5,"Belize, Guatemala, Honduras, Mexico, Nicaragua"
1013258,Drought in China,DR,30.035,116.729,2019-05-21 00:00:00,2019-12-26 11:17:00,Orange,2,1,China
1013394,"Drought in Botswana, Lesotho, Mozambique, Swaziland, South Africa",DR,-26.127,29.973,2019-05-21 00:00:00,2019-09-08 10:47:00,Orange,2,1.75,"Botswana, Lesotho, Mozambique, Swaziland, South Africa"
1012873,"Drought in India, Sri Lanka",DR,8.828,79.198,2018-12-21 00:00:00,2019-08-26 13:37:00,Red,3,2,"India, Sri Lanka"
1013327,"Drought in Botswana, Mozambique, South Africa, Zimbabwe",DR,-22.721,31.814,2019-03-21 00:00:00,2019-08-01 10:47:00,Red,3,2.25,"Botswana, Mozambique, South Africa, Zimbabwe"
1013042,Drought in Philippines,DR,10.023,123.23,2018-10-21 00:00:00,2019-07-23 08:27:00,Orange,2,1.25,Philippines
1013021,Drought in Kenya,DR,1.249,37.752,2019-02-21 00:00:00,2019-07-16 15:27:00,Red,3,2,Kenya
1013088,Drought in India,DR,19.833,76.244,2019-02-21 00:00:00,2019-07-02 09:17:00,Red,3,2,India
1013210,Drought in Indonesia,DR,-1.561,120.443,2019-04-21 00:00:00,2019-07-02 09:17:00,Orange,2,1.25,Indonesia
1013282,Drought in Argentina,DR,-30.702,-63.669,2019-06-21 00:00:00,2020-12-30 00:00:00,Orange,2,1.25,Argentina
1012926,"Drought in Bolivia, Brazil",DR,-10.415,-61.314,2018-12-21 00:00:00,2020-08-10 15:27:00,Orange,2,1.25,"Bolivia, Brazil"
1012728,"Drought in Angola, Botswana, Mozambique, Namibia, Zambia, Zimbabwe",DR,-19.807,26.836,2018-10-21 00:00:00,2020-03-24 16:37:00,Red,3,2,"Angola, Botswana, Mozambique, Namibia, Zambia, Zimbabwe"
1012649,"Drought in Belize, Guatemala, Honduras, Mexico, Nicaragua",DR,15.357,-87.068,2018-09-21 00:00:00,2020-03-03 14:37:00,Orange,2,1.5,"Belize, Guatemala, Honduras, Mexico, Nicaragua"
1013281,Drought in Australia,DR,-29.708,149.759,2019-06-21 00:00:00,2020-03-03 14:37:00,Orange,2,1.25,Australia
1013258,Drought in China,DR,30.035,116.729,2019-05-21 00:00:00,2019-12-26 11:17:00,Orange,2,1,China
1013395,"Drought in Indonesia, Malaysia",DR,-2.956,103.94,2019-06-21 00:00:00,2019-12-01 13:51:00,Orange,2,1,"Indonesia, Malaysia"
1013221,"Drought in Mauritania, Senegal",DR,17.495,-14.102,2019-06-21 00:00:00,2019-09-25 16:17:00,Orange,2,1.5,"Mauritania, Senegal"
1013394,"Drought in Botswana, Lesotho, Mozambique, Swaziland, South Africa",DR,-26.127,29.973,2019-05-21 00:00:00,2019-09-08 10:47:00,Orange,2,1.75,"Botswana, Lesotho, Mozambique, Swaziland, South Africa"
1012873,"Drought in India, Sri Lanka",DR,8.828,79.198,2018-12-21 00:00:00,2019-08-26 13:37:00,Red,3,2,"India, Sri Lanka"
1013327,"Drought in Botswana, Mozambique, South Africa, Zimbabwe",DR,-22.721,31.814,2019-03-21 00:00:00,2019-08-01 10:47:00,Red,3,2.25,"Botswana, Mozambique, South Africa, Zimbabwe"
1013042,Drought in Philippines,DR,10.023,123.23,2018-10-21 00:00:00,2019-07-23 08:27:00,Orange,2,1.25,Philippines
1013021,Drought in Kenya,DR,1.249,37.752,2019-02-21 00:00:00,2019-07-16 15:27:00,Red,3,2,Kenya
1013088,Drought in India,DR,19.833,76.244,2019-02-21 00:00:00,2019-07-02 09:17:00,Red,3,2,India
1013210,Drought in Indonesia,DR,-1.561,120.443,2019-04-21 00:00:00,2019-07-02 09:17:00,Orange,2,1.25,Indonesia
1013282,Drought in Argentina,DR,-30.702,-63.669,2019-06-21 00:00:00,2020-12-30 00:00:00,Orange,2,1.25,Argentina
1012926,"Drought in Bolivia, Brazil",DR,-10.415,-61.314,2018-12-21 00:00:00,2020-08-10 15:27:00,Orange,2,1.25,"Bolivia, Brazil"
1012728,"Drought in Angola, Botswana, Mozambique, Namibia, Zambia, Zimbabwe",DR,-19.807,26.836,2018-10-21 00:00:00,2020-03-24 16:37:00,Red,3,2,"Angola, Botswana, Mozambique, Namibia, Zambia, Zimbabwe"
1012649,"Drought in Belize, Guatemala, Honduras, Mexico, Nicaragua",DR,15.357,-87.068,2018-09-21 00:00:00,2020-03-03 14:37:00,Orange,2,1.5,"Belize, Guatemala, Honduras, Mexico, Nicaragua"
1013281,Drought in Australia,DR,-29.708,149.759,2019-06-21 00:00:00,2020-03-03 14:37:00,Orange,2,1.25,Australia
1013258,Drought in China,DR,30.035,116.729,2019-05-21 00:00:00,2019-12-26 11:17:00,Orange,2,1,China
1013395,"Drought in Indonesia, Malaysia",DR,-2.956,103.94,2019-06-21 00:00:00,2019-12-01 13:51:00,Orange,2,1,"Indonesia, Malaysia"
1013221,"Drought in Mauritania, Senegal",DR,17.495,-14.102,2019-06-21 00:00:00,2019-09-25 16:17:00,Orange,2,1.5,"Mauritania, Senegal"
1013394,"Drought in Botswana, Lesotho, Mozambique, Swaziland, South Africa",DR,-26.127,29.973,2019-05-21 00:00:00,2019-09-08 10:47:00,Orange,2,1.75,"Botswana, Lesotho, Mozambique, Swaziland, South Africa"
1012873,"Drought in India, Sri Lanka",DR,8.828,79.198,2018-12-21 00:00:00,2019-08-26 13:37:00,Red,3,2,"India, Sri Lanka"
1013327,"Drought in Botswana, Mozambique, South Africa, Zimbabwe",DR,-22.721,31.814,2019-03-21 00:00:00,2019-08-01 10:47:00,Red,3,2.25,"Botswana, Mozambique, South Africa, Zimbabwe"
1013042,Drought in Philippines,DR,10.023,123.23,2018-10-21 00:00:00,2019-07-23 08:27:00,Orange,2,1.25,Philippines
1013021,Drought in Kenya,DR,1.249,37.752,2019-02-21 00:00:00,2019-07-16 15:27:00,Red,3,2,Kenya
1013088,Drought in India,DR,19.833,76.244,2019-02-21 00:00:00,2019-07-02 09:17:00,Red,3,2,India
1013210,Drought in Indonesia,DR,-1.561,120.443,2019-04-21 00:00:00,2019-07-02 09:17:00,Orange,2,1.25,Indonesia
1013282,Drought in Argentina,DR,-30.702,-63.669,2019-06-21 00:00:00,2020-12-30 00:00:00,Orange,2,1.25,Argentina
1012926,"Drought in Bolivia, Brazil",DR,-10.415,-61.314,2018-12-21 00:00:00,2020-08-10 15:27:00,Orange,2,1.25,"Bolivia, Brazil"
1012728,"Drought in Angola, Botswana, Mozambique, Namibia, Zambia, Zimbabwe",DR,-19.807,26.836,2018-10-21 00:00:00,2020-03-24 16:37:00,Red,3,2,"Angola, Botswana, Mozambique, Namibia, Zambia, Zimbabwe"
1012649,"Drought in Belize, Guatemala, Honduras, Mexico, Nicaragua",DR,15.357,-87.068,2018-09-21 00:00:00,2020-03-03 14:37:00,Orange,2,1.5,"Belize, Guatemala, Honduras, Mexico, Nicaragua"
1013281,Drought in Australia,DR,-29.708,149.759,2019-06-21 00:00:00,2020-03-03 14:37:00,Orange,2,1.25,Australia
1013258,Drought in China,DR,30.035,116.729,2019-05-21 00:00:00,2019-12-26 11:17:00,Orange,2,1,China
1013395,"Drought in Indonesia, Malaysia",DR,-2.956,103.94,2019-06-21 00:00:00,2019-12-01 13:51:00,Orange,2,1,"Indonesia, Malaysia"
1013221,"Drought in Mauritania, Senegal",DR,17.495,-14.102,2019-06-21 00:00:00,2019-09-25 16:17:00,Orange,2,1.5,"Mauritania, Senegal"
1013394,"Drought in Botswana, Lesotho, Mozambique, Swaziland, South Africa",DR,-26.127,29.973,2019-05-21 00:00:00,2019-09-08 10:47:00,Orange,2,1.75,"Botswana, Lesotho, Mozambique, Swaziland, South Africa"
1012873,"Drought in India, Sri Lanka",DR,8.828,79.198,2018-12-21 00:00:00,2019-08-26 13:37:00,Red,3,2,"India, Sri Lanka"
1013327,"Drought in Botswana, Mozambique, South Africa, Zimbabwe",DR,-22.721,31.814,2019-03-21 00:00:00,2019-08-01 10:47:00,Red,3,2.25,"Botswana, Mozambique, South Africa, Zimbabwe"
1013282,Drought in Argentina,DR,-30.702,-63.669,2019-06-21 00:00:00,2020-12-30 00:00:00,Orange,2,1.25,Argentina
1012926,"Drought in Bolivia, Brazil",DR,-10.415,-61.314,2018-12-21 00:00:00,2020-08-10 15:27:00,Orange,2,1.25,"Bolivia, Brazil"
1012728,"Drought in Angola, Botswana, Mozambique, Namibia, Zambia, Zimbabwe",DR,-19.807,26.836,2018-10-21 00:00:00,2020-03-24 16:37:00,Red,3,2,"Angola, Botswana, Mozambique, Namibia, Zambia, Zimbabwe"
1012649,"Drought in Belize, Guatemala, Honduras, Mexico, Nicaragua",DR,15.357,-87.068,2018-09-21 00:00:00,2020-03-03 14:37:00,Orange,2,1.5,"Belize, Guatemala, Honduras, Mexico, Nicaragua"
1013281,Drought in Australia,DR,-29.708,149.759,2019-06-21 00:00:00,2020-03-03 14:37:00,Orange,2,1.25,Australia
1013258,Drought in China,DR,30.035,116.729,2019-05-21 00:00:00,2019-12-26 11:17:00,Orange,2,1,China
1013395,"Drought in Indonesia, Malaysia",DR,-2.956,103.94,2019-06-21 00:00:00,2019-12-01 13:51:00,Orange,2,1,"Indonesia, Malaysia"
1013221,"Drought in Mauritania, Senegal",DR,17.495,-14.102,2019-06-21 00:00:00,2019-09-25 16:17:00,Orange,2,1.5,"Mauritania, Senegal"
1013394,"Drought in Botswana, Lesotho, Mozambique, Swaziland, South Africa",DR,-26.127,29.973,2019-05-21 00:00:00,2019-09-08 10:47:00,Orange,2,1.75,"Botswana, Lesotho, Mozambique, Swaziland, South Africa"
1013282,Drought in Argentina,DR,-30.702,-63.669,2019-06-21 00:00:00,2020-12-30 00:00:00,Orange,2,1.25,Argentina
1012926,"Drought in Bolivia, Brazil",DR,-10.415,-61.314,2018-12-21 00:00:00,2020-08-10 15:27:00,Orange,2,1.25,"Bolivia, Brazil"
1012728,"Drought in Angola, Botswana, Mozambique, Namibia, Zambia, Zimbabwe",DR,-19.807,26.836,2018-10-21 00:00:00,2020-03-24 16:37:00,Red,3,2,"Angola, Botswana, Mozambique, Namibia, Zambia, Zimbabwe"
1012649,"Drought in Belize, Guatemala, Honduras, Mexico, Nicaragua",DR,15.357,-87.068,2018-09-21 00:00:00,2020-03-03 14:37:00,Orange,2,1.5,"Belize, Guatemala, Honduras, Mexico, Nicaragua"
1013281,Drought in Australia,DR,-29.708,149.759,2019-06-21 00:00:00,2020-03-03 14:37:00,Orange,2,1.25,Australia
1013258,Drought in China,DR,30.035,116.729,2019-05-21 00:00:00,2019-12-26 11:17:00,Orange,2,1,China
1013395,"Drought in Indonesia, Malaysia",DR,-2.956,103.94,2019-06-21 00:00:00,2019-12-01 13:51:00,Orange,2,1,"Indonesia, Malaysia"
1013282,Drought in Argentina,DR,-30.702,-63.669,2019-06-21 00:00:00,2020-12-30 00:00:00,Orange,2,1.25,Argentina
1012926,"Drought in Bolivia, Brazil",DR,-10.415,-61.314,2018-12-21 00:00:00,2020-08-10 15:27:00,Orange,2,1.25,"Bolivia, Brazil"
1012728,"Drought in Angola, Botswana, Mozambique, Namibia, Zambia, Zimbabwe",DR,-19.807,26.836,2018-10-21 00:00:00,2020-03-24 16:37:00,Red,3,2,"Angola, Botswana, Mozambique, Namibia, Zambia, Zimbabwe"
1012649,"Drought in Belize, Guatemala, Honduras, Mexico, Nicaragua",DR,15.357,-87.068,2018-09-21 00:00:00,2020-03-03 14:37:00,Orange,2,1.5,"Belize, Guatemala, Honduras, Mexico, Nicaragua"
1013281,Drought in Australia,DR,-29.708,149.759,2019-06-21 00:00:00,2020-03-03 14:37:00,Orange,2,1.25,Australia
1013258,Drought in China,DR,30.035,116.729,2019-05-21 00:00:00,2019-12-26 11:17:00,Orange,2,1,China
1013395,"Drought in Indonesia, Malaysia",DR,-2.956,103.94,2019-06-21 00:00:00,2019-12-01 13:51:00,Orange,2,1,"Indonesia, Malaysia"
1013868,"Drought in Argentina, Bolivia, Brazil, Uruguay",DR,-35.106,-59.74,2019-12-21 00:00:00,2022-12-09 00:00:00,Orange,2,1.25,"Argentina, Bolivia, Brazil, Uruguay"
1013282,Drought in Argentina,DR,-30.702,-63.669,2019-06-21 00:00:00,2020-12-30 00:00:00,Orange,2,1.25,Argentina
1012926,"Drought in Bolivia, Brazil",DR,-10.415,-61.314,2018-12-21 00:00:00,2020-08-10 15:27:00,Orange,2,1.25,"Bolivia, Brazil"
1012728,"Drought in Angola, Botswana, Mozambique, Namibia, Zambia, Zimbabwe",DR,-19.807,26.836,2018-10-21 00:00:00,2020-03-24 16:37:00,Red,3,2,"Angola, Botswana, Mozambique, Namibia, Zambia, Zimbabwe"
1012649,"Drought in Belize, Guatemala, Honduras, Mexico, Nicaragua",DR,15.357,-87.068,2018-09-21 00:00:00,2020-03-03 14:37:00,Orange,2,1.5,"Belize, Guatemala, Honduras, Mexico, Nicaragua"
1013281,Drought in Australia,DR,-29.708,149.759,2019-06-21 00:00:00,2020-03-03 14:37:00,Orange,2,1.25,Australia
1013258,Drought in China,DR,30.035,116.729,2019-05-21 00:00:00,2019-12-26 11:17:00,Orange,2,1,China
1013395,"Drought in Indonesia, Malaysia",DR,-2.956,103.94,2019-06-21 00:00:00,2019-12-01 13:51:00,Orange,2,1,"Indonesia, Malaysia"
1013868,"Drought in Argentina, Bolivia, Brazil, Uruguay",DR,-35.106,-59.74,2019-12-21 00:00:00,2022-12-09 00:00:00,Orange,2,1.25,"Argentina, Bolivia, Brazil, Uruguay"
1013282,Drought in Argentina,DR,-30.702,-63.669,2019-06-21 00:00:00,2020-12-30 00:00:00,Orange,2,1.25,Argentina
1012926,"Drought in Bolivia, Brazil",DR,-10.415,-61.314,2018-12-21 00:00:00,2020-08-10 15:27:00,Orange,2,1.25,"Bolivia, Brazil"
1012728,"Drought in Angola, Botswana, Mozambique, Namibia, Zambia, Zimbabwe",DR,-19.807,26.836,2018-10-21 00:00:00,2020-03-24 16:37:00,Red,3,2,"Angola, Botswana, Mozambique, Namibia, Zambia, Zimbabwe"
1012649,"Drought in Belize, Guatemala, Honduras, Mexico, Nicaragua",DR,15.357,-87.068,2018-09-21 00:00:00,2020-03-03 14:37:00,Orange,2,1.5,"Belize, Guatemala, Honduras, Mexico, Nicaragua"
1013281,Drought in Australia,DR,-29.708,149.759,2019-06-21 00:00:00,2020-03-03 14:37:00,Orange,2,1.25,Australia
1013868,"Drought in Argentina, Bolivia, Brazil, Uruguay",DR,-35.106,-59.74,2019-12-21 00:00:00,2022-12-09 00:00:00,Orange,2,1.25,"Argentina, Bolivia, Brazil, Uruguay"
1013282,Drought in Argentina,DR,-30.702,-63.669,2019-06-21 00:00:00,2020-12-30 00:00:00,Orange,2,1.25,Argentina
1012926,"Drought in Bolivia, Brazil",DR,-10.415,-61.314,2018-12-21 00:00:00,2020-08-10 15:27:00,Orange,2,1.25,"Bolivia, Brazil"
1014018,"Drought in Dominican Republic, Haiti",DR,19.034,-70.774,2020-02-21 00:00:00,2020-07-15 13:57:00,Orange,2,1.5,"Dominican Republic, Haiti"
1013930,Drought in Madagascar,DR,-19.913,44.993,2020-02-21 00:00:00,2020-06-22 10:57:00,Orange,2,1.5,Madagascar
1014012,Drought in Mozambique,DR,-22.187,34.367,2020-02-21 00:00:00,2020-04-23 10:47:00,Orange,2,1.5,Mozambique
1012728,"Drought in Angola, Botswana, Mozambique, Namibia, Zambia, Zimbabwe",DR,-19.807,26.836,2018-10-21 00:00:00,2020-03-24 16:37:00,Red,3,2,"Angola, Botswana, Mozambique, Namibia, Zambia, Zimbabwe"
1012649,"Drought in Belize, Guatemala, Honduras, Mexico, Nicaragua",DR,15.357,-87.068,2018-09-21 00:00:00,2020-03-03 14:37:00,Orange,2,1.5,"Belize, Guatemala, Honduras, Mexico, Nicaragua"
1013281,Drought in Australia,DR,-29.708,149.759,2019-06-21 00:00:00,2020-03-03 14:37:00,Orange,2,1.25,Australia
1013868,"Drought in Argentina, Bolivia, Brazil, Uruguay",DR,-35.106,-59.74,2019-12-21 00:00:00,2022-12-09 00:00:00,Orange,2,1.25,"Argentina, Bolivia, Brazil, Uruguay"
1013282,Drought in Argentina,DR,-30.702,-63.669,2019-06-21 00:00:00,2020-12-30 00:00:00,Orange,2,1.25,Argentina
1014000,"Drought in Lesotho, South Africa",DR,-31.893,24.396,2020-03-21 00:00:00,2020-10-05 09:27:00,Orange,2,1.25,"Lesotho, South Africa"
1012926,"Drought in Bolivia, Brazil",DR,-10.415,-61.314,2018-12-21 00:00:00,2020-08-10 15:27:00,Orange,2,1.25,"Bolivia, Brazil"
1014018,"Drought in Dominican Republic, Haiti",DR,19.034,-70.774,2020-02-21 00:00:00,2020-07-15 13:57:00,Orange,2,1.5,"Dominican Republic, Haiti"
1013930,Drought in Madagascar,DR,-19.913,44.993,2020-02-21 00:00:00,2020-06-22 10:57:00,Orange,2,1.5,Madagascar
1014012,Drought in Mozambique,DR,-22.187,34.367,2020-02-21 00:00:00,2020-04-23 10:47:00,Orange,2,1.5,Mozambique
1012728,"Drought in Angola, Botswana, Mozambique, Namibia, Zambia, Zimbabwe",DR,-19.807,26.836,2018-10-21 00:00:00,2020-03-24 16:37:00,Red,3,2,"Angola, Botswana, Mozambique, Namibia, Zambia, Zimbabwe"
1012649,"Drought in Belize, Guatemala, Honduras, Mexico, Nicaragua",DR,15.357,-87.068,2018-09-21 00:00:00,2020-03-03 14:37:00,Orange,2,1.5,"Belize, Guatemala, Honduras, Mexico, Nicaragua"
1013281,Drought in Australia,DR,-29.708,149.759,2019-06-21 00:00:00,2020-03-03 14:37:00,Orange,2,1.25,Australia
1013868,"Drought in Argentina, Bolivia, Brazil, Uruguay",DR,-35.106,-59.74,2019-12-21 00:00:00,2022-12-09 00:00:00,Orange,2,1.25,"Argentina, Bolivia, Brazil, Uruguay"
1013282,Drought in Argentina,DR,-30.702,-63.669,2019-06-21 00:00:00,2020-12-30 00:00:00,Orange,2,1.25,Argentina
1014000,"Drought in Lesotho, South Africa",DR,-31.893,24.396,2020-03-21 00:00:00,2020-10-05 09:27:00,Orange,2,1.25,"Lesotho, South Africa"
1012926,"Drought in Bolivia, Brazil",DR,-10.415,-61.314,2018-12-21 00:00:00,2020-08-10 15:27:00,Orange,2,1.25,"Bolivia, Brazil"
1014018,"Drought in Dominican Republic, Haiti",DR,19.034,-70.774,2020-02-21 00:00:00,2020-07-15 13:57:00,Orange,2,1.5,"Dominican Republic, Haiti"
1013930,Drought in Madagascar,DR,-19.913,44.993,2020-02-21 00:00:00,2020-06-22 10:57:00,Orange,2,1.5,Madagascar
1014012,Drought in Mozambique,DR,-22.187,34.367,2020-02-21 00:00:00,2020-04-23 10:47:00,Orange,2,1.5,Mozambique
1013868,"Drought in Argentina, Bolivia, Brazil, Uruguay",DR,-35.106,-59.74,2019-12-21 00:00:00,2022-12-09 00:00:00,Orange,2,1.25,"Argentina, Bolivia, Brazil, Uruguay"
1014149,Drought in Mexico,DR,21.999,-101.003,2020-05-21 00:00:00,2021-05-20 00:00:00,Orange,2,1.25,Mexico
1014139,"Drought in Mexico, United States",DR,34.165,-104.831,2020-05-21 00:00:00,2021-01-30 00:00:00,Orange,2,1.25,"Mexico, United States"
1013282,Drought in Argentina,DR,-30.702,-63.669,2019-06-21 00:00:00,2020-12-30 00:00:00,Orange,2,1.25,Argentina
1014182,"Drought in Mexico, United States",DR,30.801,-106.379,2020-06-01 00:00:00,2020-10-11 12:47:00,Orange,2,1,"Mexico, United States"
1014000,"Drought in Lesotho, South Africa",DR,-31.893,24.396,2020-03-21 00:00:00,2020-10-05 09:27:00,Orange,2,1.25,"Lesotho, South Africa"
1012926,"Drought in Bolivia, Brazil",DR,-10.415,-61.314,2018-12-21 00:00:00,2020-08-10 15:27:00,Orange,2,1.25,"Bolivia, Brazil"
1014018,"Drought in Dominican Republic, Haiti",DR,19.034,-70.774,2020-02-21 00:00:00,2020-07-15 13:57:00,Orange,2,1.5,"Dominican Republic, Haiti"
1013930,Drought in Madagascar,DR,-19.913,44.993,2020-02-21 00:00:00,2020-06-22 10:57:00,Orange,2,1.5,Madagascar
1013868,"Drought in Argentina, Bolivia, Brazil, Uruguay",DR,-35.106,-59.74,2019-12-21 00:00:00,2022-12-09 00:00:00,Orange,2,1.25,"Argentina, Bolivia, Brazil, Uruguay"
1014149,Drought in Mexico,DR,21.999,-101.003,2020-05-21 00:00:00,2021-05-20 00:00:00,Orange,2,1.25,Mexico
1014139,"Drought in Mexico, United States",DR,34.165,-104.831,2020-05-21 00:00:00,2021-01-30 00:00:00,Orange,2,1.25,"Mexico, United States"
1013282,Drought in Argentina,DR,-30.702,-63.669,2019-06-21 00:00:00,2020-12-30 00:00:00,Orange,2,1.25,Argentina
1014182,"Drought in Mexico, United States",DR,30.801,-106.379,2020-06-01 00:00:00,2020-10-11 12:47:00,Orange,2,1,"Mexico, United States"
1014000,"Drought in Lesotho, South Africa",DR,-31.893,24.396,2020-03-21 00:00:00,2020-10-05 09:27:00,Orange,2,1.25,"Lesotho, South Africa"
1012926,"Drought in Bolivia, Brazil",DR,-10.415,-61.314,2018-12-21 00:00:00,2020-08-10 15:27:00,Orange,2,1.25,"Bolivia, Brazil"
1014018,"Drought in Dominican Republic, Haiti",DR,19.034,-70.774,2020-02-21 00:00:00,2020-07-15 13:57:00,Orange,2,1.5,"Dominican Republic, Haiti"
1013930,Drought in Madagascar,DR,-19.913,44.993,2020-02-21 00:00:00,2020-06-22 10:57:00,Orange,2,1.5,Madagascar
1013868,"Drought in Argentina, Bolivia, Brazil, Uruguay",DR,-35.106,-59.74,2019-12-21 00:00:00,2022-12-09 00:00:00,Orange,2,1.25,"Argentina, Bolivia, Brazil, Uruguay"
1014149,Drought in Mexico,DR,21.999,-101.003,2020-05-21 00:00:00,2021-05-20 00:00:00,Orange,2,1.25,Mexico
1014139,"Drought in Mexico, United States",DR,34.165,-104.831,2020-05-21 00:00:00,2021-01-30 00:00:00,Orange,2,1.25,"Mexico, United States"
1013282,Drought in Argentina,DR,-30.702,-63.669,2019-06-21 00:00:00,2020-12-30 00:00:00,Orange,2,1.25,Argentina
1014182,"Drought in Mexico, United States",DR,30.801,-106.379,2020-06-01 00:00:00,2020-10-11 12:47:00,Orange,2,1,"Mexico, United States"
1014000,"Drought in Lesotho, South Africa",DR,-31.893,24.396,2020-03-21 00:00:00,2020-10-05 09:27:00,Orange,2,1.25,"Lesotho, South Africa"
1012926,"Drought in Bolivia, Brazil",DR,-10.415,-61.314,2018-12-21 00:00:00,2020-08-10 15:27:00,Orange,2,1.25,"Bolivia, Brazil"
1014018,"Drought in Dominican Republic, Haiti",DR,19.034,-70.774,2020-02-21 00:00:00,2020-07-15 13:57:00,Orange,2,1.5,"Dominican Republic, Haiti"
1013868,"Drought in Argentina, Bolivia, Brazil, Uruguay",DR,-35.106,-59.74,2019-12-21 00:00:00,2022-12-09 00:00:00,Orange,2,1.25,"Argentina, Bolivia, Brazil, Uruguay"
1014149,Drought in Mexico,DR,21.999,-101.003,2020-05-21 00:00:00,2021-05-20 00:00:00,Orange,2,1.25,Mexico
1014139,"Drought in Mexico, United States",DR,34.165,-104.831,2020-05-21 00:00:00,2021-01-30 00:00:00,Orange,2,1.25,"Mexico, United States"
1013282,Drought in Argentina,DR,-30.702,-63.669,2019-06-21 00:00:00,2020-12-30 00:00:00,Orange,2,1.25,Argentina
1014182,"Drought in Mexico, United States",DR,30.801,-106.379,2020-06-01 00:00:00,2020-10-11 12:47:00,Orange,2,1,"Mexico, United States"
1014000,"Drought in Lesotho, South Africa",DR,-31.893,24.396,2020-03-21 00:00:00,2020-10-05 09:27:00,Orange,2,1.25,"Lesotho, South Africa"
1012926,"Drought in Bolivia, Brazil",DR,-10.415,-61.314,2018-12-21 00:00:00,2020-08-10 15:27:00,Orange,2,1.25,"Bolivia, Brazil"
1013868,"Drought in Argentina, Bolivia, Brazil, Uruguay",DR,-35.106,-59.74,2019-12-21 00:00:00,2022-12-09 00:00:00,Orange,2,1.25,"Argentina, Bolivia, Brazil, Uruguay"
1014149,Drought in Mexico,DR,21.999,-101.003,2020-05-21 00:00:00,2021-05-20 00:00:00,Orange,2,1.25,Mexico
1014139,"Drought in Mexico, United States",DR,34.165,-104.831,2020-05-21 00:00:00,2021-01-30 00:00:00,Orange,2,1.25,"Mexico, United States"
1013282,Drought in Argentina,DR,-30.702,-63.669,2019-06-21 00:00:00,2020-12-30 00:00:00,Orange,2,1.25,Argentina
1014182,"Drought in Mexico, United States",DR,30.801,-106.379,2020-06-01 00:00:00,2020-10-11 12:47:00,Orange,2,1,"Mexico, United States"
1014000,"Drought in Lesotho, South Africa",DR,-31.893,24.396,2020-03-21 00:00:00,2020-10-05 09:27:00,Orange,2,1.25,"Lesotho, South Africa"
1013868,"Drought in Argentina, Bolivia, Brazil, Uruguay",DR,-35.106,-59.74,2019-12-21 00:00:00,2022-12-09 00:00:00,Orange,2,1.25,"Argentina, Bolivia, Brazil, Uruguay"
1014495,Drought in Madagascar,DR,-18.611,47.862,2020-10-21 00:00:00,2022-12-09 00:00:00,Orange,2,1.5,Madagascar
1014149,Drought in Mexico,DR,21.999,-101.003,2020-05-21 00:00:00,2021-05-20 00:00:00,Orange,2,1.25,Mexico
1014139,"Drought in Mexico, United States",DR,34.165,-104.831,2020-05-21 00:00:00,2021-01-30 00:00:00,Orange,2,1.25,"Mexico, United States"
1013282,Drought in Argentina,DR,-30.702,-63.669,2019-06-21 00:00:00,2020-12-30 00:00:00,Orange,2,1.25,Argentina
1014182,"Drought in Mexico, United States",DR,30.801,-106.379,2020-06-01 00:00:00,2020-10-11 12:47:00,Orange,2,1,"Mexico, United States"
1014000,"Drought in Lesotho, South Africa",DR,-31.893,24.396,2020-03-21 00:00:00,2020-10-05 09:27:00,Orange,2,1.25,"Lesotho, South Africa"
1013868,"Drought in Argentina, Bolivia, Brazil, Uruguay",DR,-35.106,-59.74,2019-12-21 00:00:00,2022-12-09 00:00:00,Orange,2,1.25,"Argentina, Bolivia, Brazil, Uruguay"
1014495,Drought in Madagascar,DR,-18.611,47.862,2020-10-21 00:00:00,2022-12-09 00:00:00,Orange,2,1.5,Madagascar
1014149,Drought in Mexico,DR,21.999,-101.003,2020-05-21 00:00:00,2021-05-20 00:00:00,Orange,2,1.25,Mexico
1014139,"Drought in Mexico, United States",DR,34.165,-104.831,2020-05-21 00:00:00,2021-01-30 00:00:00,Orange,2,1.25,"Mexico, United States"
1013282,Drought in Argentina,DR,-30.702,-63.669,2019-06-21 00:00:00,2020-12-30 00:00:00,Orange,2,1.25,Argentina
1013868,"Drought in Argentina, Bolivia, Brazil, Uruguay",DR,-35.106,-59.74,2019-12-21 00:00:00,2022-12-09 00:00:00,Orange,2,1.25,"Argentina, Bolivia, Brazil, Uruguay"
1014495,Drought in Madagascar,DR,-18.611,47.862,2020-10-21 00:00:00,2022-12-09 00:00:00,Orange,2,1.5,Madagascar
1014149,Drought in Mexico,DR,21.999,-101.003,2020-05-21 00:00:00,2021-05-20 00:00:00,Orange,2,1.25,Mexico
1014139,"Drought in Mexico, United States",DR,34.165,-104.831,2020-05-21 00:00:00,2021-01-30 00:00:00,Orange,2,1.25,"Mexico, United States"
1013282,Drought in Argentina,DR,-30.702,-63.669,2019-06-21 00:00:00,2020-12-30 00:00:00,Orange,2,1.25,Argentina
1013868,"Drought in Argentina, Bolivia, Brazil, Uruguay",DR,-35.106,-59.74,2019-12-21 00:00:00,2022-12-09 00:00:00,Orange,2,1.25,"Argentina, Bolivia, Brazil, Uruguay"
1014495,Drought in Madagascar,DR,-18.611,47.862,2020-10-21 00:00:00,2022-12-09 00:00:00,Orange,2,1.5,Madagascar
1014149,Drought in Mexico,DR,21.999,-101.003,2020-05-21 00:00:00,2021-05-20 00:00:00,Orange,2,1.25,Mexico
1014139,"Drought in Mexico, United States",DR,34.165,-104.831,2020-05-21 00:00:00,2021-01-30 00:00:00,Orange,2,1.25,"Mexico, United States"
1013868,"Drought in Argentina, Bolivia, Brazil, Uruguay",DR,-35.106,-59.74,2019-12-21 00:00:00,2022-12-09 00:00:00,Orange,2,1.25,"Argentina, Bolivia, Brazil, Uruguay"
1014495,Drought in Madagascar,DR,-18.611,47.862,2020-10-21 00:00:00,2022-12-09 00:00:00,Orange,2,1.5,Madagascar
1014149,Drought in Mexico,DR,21.999,-101.003,2020-05-21 00:00:00,2021-05-20 00:00:00,Orange,2,1.25,Mexico
1013868,"Drought in Argentina, Bolivia, Brazil, Uruguay",DR,-35.106,-59.74,2019-12-21 00:00:00,2022-12-09 00:00:00,Orange,2,1.25,"Argentina, Bolivia, Brazil, Uruguay"
1014495,Drought in Madagascar,DR,-18.611,47.862,2020-10-21 00:00:00,2022-12-09 00:00:00,Orange,2,1.5,Madagascar
1014149,Drought in Mexico,DR,21.999,-101.003,2020-05-21 00:00:00,2021-05-20 00:00:00,Orange,2,1.25,Mexico
1013868,"Drought in Argentina, Bolivia, Brazil, Uruguay",DR,-35.106,-59.74,2019-12-21 00:00:00,2022-12-09 00:00:00,Orange,2,1.25,"Argentina, Bolivia, Brazil, Uruguay"
1014495,Drought in Madagascar,DR,-18.611,47.862,2020-10-21 00:00:00,2022-12-09 00:00:00,Orange,2,1.5,Madagascar
1014881,"Drought in Kazakhstan, Russia, Uzbekistan",DR,52.691,62.92,2021-04-21 00:00:00,2021-07-17 00:00:00,Orange,2,1.25,"Kazakhstan, Russia, Uzbekistan"
1014149,Drought in Mexico,DR,21.999,-101.003,2020-05-21 00:00:00,2021-05-20 00:00:00,Orange,2,1.25,Mexico
1013868,"Drought in Argentina, Bolivia, Brazil, Uruguay",DR,-35.106,-59.74,2019-12-21 00:00:00,2022-12-09 00:00:00,Orange,2,1.25,"Argentina, Bolivia, Brazil, Uruguay"
1014495,Drought in Madagascar,DR,-18.611,47.862,2020-10-21 00:00:00,2022-12-09 00:00:00,Orange,2,1.5,Madagascar
1014881,"Drought in Kazakhstan, Russia, Uzbekistan",DR,52.691,62.92,2021-04-21 00:00:00,2021-07-17 00:00:00,Orange,2,1.25,"Kazakhstan, Russia, Uzbekistan"
1014149,Drought in Mexico,DR,21.999,-101.003,2020-05-21 00:00:00,2021-05-20 00:00:00,Orange,2,1.25,Mexico
1013868,"Drought in Argentina, Bolivia, Brazil, Uruguay",DR,-35.106,-59.74,2019-12-21 00:00:00,2022-12-09 00:00:00,Orange,2,1.25,"Argentina, Bolivia, Brazil, Uruguay"
1014495,Drought in Madagascar,DR,-18.611,47.862,2020-10-21 00:00:00,2022-12-09 00:00:00,Orange,2,1.5,Madagascar
1014881,"Drought in Kazakhstan, Russia, Uzbekistan",DR,52.691,62.92,2021-04-21 00:00:00,2021-07-17 00:00:00,Orange,2,1.25,"Kazakhstan, Russia, Uzbekistan"
1013868,"Drought in Argentina, Bolivia, Brazil, Uruguay",DR,-35.106,-59.74,2019-12-21 00:00:00,2022-12-09 00:00:00,Orange,2,1.25,"Argentina, Bolivia, Brazil, Uruguay"
1014495,Drought in Madagascar,DR,-18.611,47.862,2020-10-21 00:00:00,2022-12-09 00:00:00,Orange,2,1.5,Madagascar
1014881,"Drought in Kazakhstan, Russia, Uzbekistan",DR,52.691,62.92,2021-04-21 00:00:00,2021-07-17 00:00:00,Orange,2,1.25,"Kazakhstan, Russia, Uzbekistan"
1013868,"Drought in Argentina, Bolivia, Brazil, Uruguay",DR,-35.106,-59.74,2019-12-21 00:00:00,2022-12-09 00:00:00,Orange,2,1.25,"Argentina, Bolivia, Brazil, Uruguay"
1014495,Drought in Madagascar,DR,-18.611,47.862,2020-10-21 00:00:00,2022-12-09 00:00:00,Orange,2,1.5,Madagascar
1013868,"Drought in Argentina, Bolivia, Brazil, Uruguay",DR,-35.106,-59.74,2019-12-21 00:00:00,2022-12-09 00:00:00,Orange,2,1.25,"Argentina, Bolivia, Brazil, Uruguay"
1014495,Drought in Madagascar,DR,-18.611,47.862,2020-10-21 00:00:00,2022-12-09 00:00:00,Orange,2,1.5,Madagascar
1013868,"Drought in Argentina, Bolivia, Brazil, Uruguay",DR,-35.106,-59.74,2019-12-21 00:00:00,2022-12-09 00:00:00,Orange,2,1.25,"Argentina, Bolivia, Brazil, Uruguay"
1014495,Drought in Madagascar,DR,-18.611,47.862,2020-10-21 00:00:00,2022-12-09 00:00:00,Orange,2,1.5,Madagascar
1013868,"Drought in Argentina, Bolivia, Brazil, Uruguay",DR,-35.106,-59.74,2019-12-21 00:00:00,2022-12-09 00:00:00,Orange,2,1.25,"Argentina, Bolivia, Brazil, Uruguay"
1014495,Drought in Madagascar,DR,-18.611,47.862,2020-10-21 00:00:00,2022-12-09 00:00:00,Orange,2,1.5,Madagascar
1013868,"Drought in Argentina, Bolivia, Brazil, Uruguay",DR,-35.106,-59.74,2019-12-21 00:00:00,2022-12-09 00:00:00,Orange,2,1.25,"Argentina, Bolivia, Brazil, Uruguay"
1014495,Drought in Madagascar,DR,-18.611,47.862,2020-10-21 00:00:00,2022-12-09 00:00:00,Orange,2,1.5,Madagascar
1013868,"Drought in Argentina, Bolivia, Brazil, Uruguay",DR,-35.106,-59.74,2019-12-21 00:00:00,2022-12-09 00:00:00,Orange,2,1.25,"Argentina, Bolivia, Brazil, Uruguay"
1014495,Drought in Madagascar,DR,-18.611,47.862,2020-10-21 00:00:00,2022-12-09 00:00:00,Orange,2,1.5,Madagascar
1013868,"Drought in Argentina, Bolivia, Brazil, Uruguay",DR,-35.106,-59.74,2019-12-21 00:00:00,2022-12-09 00:00:00,Orange,2,1.25,"Argentina, Bolivia, Brazil, Uruguay"
1014495,Drought in Madagascar,DR,-18.611,47.862,2020-10-21 00:00:00,2022-12-09 00:00:00,Orange,2,1.5,Madagascar
1015469,"Drought in Austria, Germany, Denmark, Spain, France, Hungary, Italy, Netherlands, Sweden",DR,46.093,3.435,2022-02-21 00:00:00,2022-12-09 00:00:00,Orange,2,1,"Austria, Germany, Denmark, Spain, France, Hungary, Italy, Netherlands, Sweden"
1013868,"Drought in Argentina, Bolivia, Brazil, Uruguay",DR,-35.106,-59.74,2019-12-21 00:00:00,2022-12-09 00:00:00,Orange,2,1.25,"Argentina, Bolivia, Brazil, Uruguay"
1014495,Drought in Madagascar,DR,-18.611,47.862,2020-10-21 00:00:00,2022-12-09 00:00:00,Orange,2,1.5,Madagascar
1014742,"Drought in Democratic Republic of Congo, Ethiopia, Kenya, Somalia, Tanzania",DR,1.249,39.634,2022-03-21 00:00:00,2022-12-09 00:00:00,Orange,2,1.5,"Democratic Republic of Congo, Ethiopia, Kenya, Somalia, Tanzania"
1015469,"Drought in Austria, Germany, Denmark, Spain, France, Hungary, Italy, Netherlands, Sweden",DR,46.093,3.435,2022-02-21 00:00:00,2022-12-09 00:00:00,Orange,2,1,"Austria, Germany, Denmark, Spain, France, Hungary, Italy, Netherlands, Sweden"
1013868,"Drought in Argentina, Bolivia, Brazil, Uruguay",DR,-35.106,-59.74,2019-12-21 00:00:00,2022-12-09 00:00:00,Orange,2,1.25,"Argentina, Bolivia, Brazil, Uruguay"
1014495,Drought in Madagascar,DR,-18.611,47.862,2020-10-21 00:00:00,2022-12-09 00:00:00,Orange,2,1.5,Madagascar
1014742,"Drought in Democratic Republic of Congo, Ethiopia, Kenya, Somalia, Tanzania",DR,1.249,39.634,2022-03-21 00:00:00,2022-12-09 00:00:00,Orange,2,1.5,"Democratic Republic of Congo, Ethiopia, Kenya, Somalia, Tanzania"
1015469,"Drought in Austria, Germany, Denmark, Spain, France, Hungary, Italy, Netherlands, Sweden",DR,46.093,3.435,2022-02-21 00:00:00,2022-12-09 00:00:00,Orange,2,1,"Austria, Germany, Denmark, Spain, France, Hungary, Italy, Netherlands, Sweden"
1013868,"Drought in Argentina, Bolivia, Brazil, Uruguay",DR,-35.106,-59.74,2019-12-21 00:00:00,2022-12-09 00:00:00,Orange,2,1.25,"Argentina, Bolivia, Brazil, Uruguay"
1014495,Drought in Madagascar,DR,-18.611,47.862,2020-10-21 00:00:00,2022-12-09 00:00:00,Orange,2,1.5,Madagascar
1014742,"Drought in Democratic Republic of Congo, Ethiopia, Kenya, Somalia, Tanzania",DR,1.249,39.634,2022-03-21 00:00:00,2022-12-09 00:00:00,Orange,2,1.5,"Democratic Republic of Congo, Ethiopia, Kenya, Somalia, Tanzania"
1015469,"Drought in Austria, Germany, Denmark, Spain, France, Hungary, Italy, Netherlands, Sweden",DR,46.093,3.435,2022-02-21 00:00:00,2022-12-09 00:00:00,Orange,2,1,"Austria, Germany, Denmark, Spain, France, Hungary, Italy, Netherlands, Sweden"
1013868,"Drought in Argentina, Bolivia, Brazil, Uruguay",DR,-35.106,-59.74,2019-12-21 00:00:00,2022-12-09 00:00:00,Orange,2,1.25,"Argentina, Bolivia, Brazil, Uruguay"
1014495,Drought in Madagascar,DR,-18.611,47.862,2020-10-21 00:00:00,2022-12-09 00:00:00,Orange,2,1.5,Madagascar
1014742,"Drought in Democratic Republic of Congo, Ethiopia, Kenya, Somalia, Tanzania",DR,1.249,39.634,2022-03-21 00:00:00,2022-12-09 00:00:00,Orange,2,1.5,"Democratic Republic of Congo, Ethiopia, Kenya, Somalia, Tanzania"
1015469,"Drought in Austria, Germany, Denmark, Spain, France, Hungary, Italy, Netherlands, Sweden",DR,46.093,3.435,2022-02-21 00:00:00,2022-12-09 00:00:00,Orange,2,1,"Austria, Germany, Denmark, Spain, France, Hungary, Italy, Netherlands, Sweden"
1013868,"Drought in Argentina, Bolivia, Brazil, Uruguay",DR,-35.106,-59.74,2019-12-21 00:00:00,2022-12-09 00:00:00,Orange,2,1.25,"Argentina, Bolivia, Brazil, Uruguay"
1014495,Drought in Madagascar,DR,-18.611,47.862,2020-10-21 00:00:00,2022-12-09 00:00:00,Orange,2,1.5,Madagascar
1014742,"Drought in Democratic Republic of Congo, Ethiopia, Kenya, Somalia, Tanzania",DR,1.249,39.634,2022-03-21 00:00:00,2022-12-09 00:00:00,Orange,2,1.5,"Democratic Republic of Congo, Ethiopia, Kenya, Somalia, Tanzania"
1015469,"Drought in Austria, Germany, Denmark, Spain, France, Hungary, Italy, Netherlands, Sweden",DR,46.093,3.435,2022-02-21 00:00:00,2022-12-09 00:00:00,Orange,2,1,"Austria, Germany, Denmark, Spain, France, Hungary, Italy, Netherlands, Sweden"
1015826,Drought in China,DR,27.487,113.381,2022-07-21 00:00:00,2022-12-09 00:00:00,Orange,2,1,China
1013868,"Drought in Argentina, Bolivia, Brazil, Uruguay",DR,-35.106,-59.74,2019-12-21 00:00:00,2022-12-09 00:00:00,Orange,2,1.25,"Argentina, Bolivia, Brazil, Uruguay"
1014495,Drought in Madagascar,DR,-18.611,47.862,2020-10-21 00:00:00,2022-12-09 00:00:00,Orange,2,1.5,Madagascar
1014742,"Drought in Democratic Republic of Congo, Ethiopia, Kenya, Somalia, Tanzania",DR,1.249,39.634,2022-03-21 00:00:00,2022-12-09 00:00:00,Orange,2,1.5,"Democratic Republic of Congo, Ethiopia, Kenya, Somalia, Tanzania"
1015469,"Drought in Austria, Germany, Denmark, Spain, France, Hungary, Italy, Netherlands, Sweden",DR,46.093,3.435,2022-02-21 00:00:00,2022-12-09 00:00:00,Orange,2,1,"Austria, Germany, Denmark, Spain, France, Hungary, Italy, Netherlands, Sweden"
1015826,Drought in China,DR,27.487,113.381,2022-07-21 00:00:00,2022-12-09 00:00:00,Orange,2,1,China
1013868,"Drought in Argentina, Bolivia, Brazil, Uruguay",DR,-35.106,-59.74,2019-12-21 00:00:00,2022-12-09 00:00:00,Orange,2,1.25,"Argentina, Bolivia, Brazil, Uruguay"
1014495,Drought in Madagascar,DR,-18.611,47.862,2020-10-21 00:00:00,2022-12-09 00:00:00,Orange,2,1.5,Madagascar
1014742,"Drought in Democratic Republic of Congo, Ethiopia, Kenya, Somalia, Tanzania",DR,1.249,39.634,2022-03-21 00:00:00,2022-12-09 00:00:00,Orange,2,1.5,"Democratic Republic of Congo, Ethiopia, Kenya, Somalia, Tanzania"
1015469,"Drought in Austria, Germany, Denmark, Spain, France, Hungary, Italy, Netherlands, Sweden",DR,46.093,3.435,2022-02-21 00:00:00,2022-12-09 00:00:00,Orange,2,1,"Austria, Germany, Denmark, Spain, France, Hungary, Italy, Netherlands, Sweden"
1015826,Drought in China,DR,27.487,113.381,2022-07-21 00:00:00,2022-12-09 00:00:00,Orange,2,1,China
1013868,"Drought in Argentina, Bolivia, Brazil, Uruguay",DR,-35.106,-59.74,2019-12-21 00:00:00,2022-12-09 00:00:00,Orange,2,1.25,"Argentina, Bolivia, Brazil, Uruguay"
1014495,Drought in Madagascar,DR,-18.611,47.862,2020-10-21 00:00:00,2022-12-09 00:00:00,Orange,2,1.5,Madagascar
1014742,"Drought in Democratic Republic of Congo, Ethiopia, Kenya, Somalia, Tanzania",DR,1.249,39.634,2022-03-21 00:00:00,2022-12-09 00:00:00,Orange,2,1.5,"Democratic Republic of Congo, Ethiopia, Kenya, Somalia, Tanzania"
1015469,"Drought in Austria, Germany, Denmark, Spain, France, Hungary, Italy, Netherlands, Sweden",DR,46.093,3.435,2022-02-21 00:00:00,2022-12-09 00:00:00,Orange,2,1,"Austria, Germany, Denmark, Spain, France, Hungary, Italy, Netherlands, Sweden"
1015826,Drought in China,DR,27.487,113.381,2022-07-21 00:00:00,2022-12-09 00:00:00,Orange,2,1,China
1013868,"Drought in Argentina, Bolivia, Brazil, Uruguay",DR,-35.106,-59.74,2019-12-21 00:00:00,2022-12-09 00:00:00,Orange,2,1.25,"Argentina, Bolivia, Brazil, Uruguay"
1014495,Drought in Madagascar,DR,-18.611,47.862,2020-10-21 00:00:00,2022-12-09 00:00:00,Orange,2,1.5,Madagascar
1014742,"Drought in Democratic Republic of Congo, Ethiopia, Kenya, Somalia, Tanzania",DR,1.249,39.634,2022-03-21 00:00:00,2022-12-09 00:00:00,Orange,2,1.5,"Democratic Republic of Congo, Ethiopia, Kenya, Somalia, Tanzania"
1015469,"Drought in Austria, Germany, Denmark, Spain, France, Hungary, Italy, Netherlands, Sweden",DR,46.093,3.435,2022-02-21 00:00:00,2022-12-09 00:00:00,Orange,2,1,"Austria, Germany, Denmark, Spain, France, Hungary, Italy, Netherlands, Sweden"
1015826,Drought in China,DR,27.487,113.381,2022-07-21 00:00:00,2022-12-09 00:00:00,Orange,2,1,China
1013868,"Drought in Argentina, Bolivia, Brazil, Uruguay",DR,-35.106,-59.74,2019-12-21 00:00:00,2022-12-09 00:00:00,Orange,2,1.25,"Argentina, Bolivia, Brazil, Uruguay"
1014495,Drought in Madagascar,DR,-18.611,47.862,2020-10-21 00:00:00,2022-12-09 00:00:00,Orange,2,1.5,Madagascar
1014742,"Drought in Democratic Republic of Congo, Ethiopia, Kenya, Somalia, Tanzania",DR,1.249,39.634,2022-03-21 00:00:00,2022-12-09 00:00:00,Orange,2,1.5,"Democratic Republic of Congo, Ethiopia, Kenya, Somalia, Tanzania"
1015469,"Drought in Austria, Germany, Denmark, Spain, France, Hungary, Italy, Netherlands, Sweden",DR,46.093,3.435,2022-02-21 00:00:00,2022-12-09 00:00:00,Orange,2,1,"Austria, Germany, Denmark, Spain, France, Hungary, Italy, Netherlands, Sweden"
1015826,Drought in China,DR,27.487,113.381,2022-07-21 00:00:00,2022-12-09 00:00:00,Orange,2,1,China
